Symbol,ShortName,violation_year,rule_score_sum,n_rules_triggered,rule_ids,industry,ann_fin_flag
300742,*ST 越博,2021,75,4,R2;R3;R4;R5,未分类,
600881,亚泰集团,2014,75,4,R2;R3;R4;R5,综合类,0.0
300023,宝德股份,2018,75,4,R2;R3;R4;R5,未分类,1.0
300388,国祯环保,2014,75,4,R2;R3;R4;R5,环境保护,
600800,天津磁卡,2013,75,4,R2;R3;R4;R5,化工原料,1.0
600112,ST 天成,2022,75,4,R2;R3;R4;R5,未分类,1.0
600603,ST 兴业,2008,75,4,R2;R3;R4;R5,区域地产,
600165,新日恒力,2016,75,4,R2;R3;R4;R5,化工原料,
600701,*ST 工新,2019,70,4,R1;R3;R4;R5,未分类,0.0
300336,*ST 新文,2021,70,4,R1;R3;R4;R5,未分类,1.0
600280,中央商场,2025,70,4,R1;R3;R4;R5,百货,
300449,汉邦高科,2023,70,4,R1;R3;R4;R5,IT设备,
600969,郴电国际,2024,70,4,R1;R3;R4;R5,水力发电,
600719,大连热电,2022,70,4,R1;R3;R4;R5,供气供热,
300742,越博动力,2022,70,4,R1;R3;R4;R5,未分类,
600247,*ST 成城,2015,70,4,R1;R3;R4;R5,未分类,1.0
600678,四川金顶,2017,70,4,R1;R3;R4;R5,水泥,
603843,正平股份,2024,70,4,R1;R3;R4;R5,建筑工程,
300309,吉艾科技,2021,70,4,R1;R3;R4;R5,未分类,
300300,海峡创新,2023,70,4,R1;R3;R4;R5,软件服务,
600715,文投控股,2022,70,4,R1;R3;R4;R5,影视音像,1.0
600275,武昌鱼,2012,70,4,R1;R3;R4;R5,未分类,1.0
600870,ST 厦华,2018,70,4,R1;R3;R4;R5,未分类,
300297,*ST 蓝盾,2022,70,4,R1;R3;R4;R5,未分类,
300469,信息发展,2023,70,4,R1;R3;R4;R5,软件服务,
300064,金刚退,2020,70,4,R1;R3;R4;R5,未分类,
600781,ST 辅仁,2022,70,4,R1;R3;R4;R5,未分类,0.0
600800,天津磁卡,2014,70,4,R1;R3;R4;R5,化工原料,
600432,*ST 吉恩,2016,70,4,R1;R3;R4;R5,未分类,0.0
300492,华图山鼎,2024,70,4,R1;R3;R4;R5,文教休闲,
300495,*ST 美尚,2022,70,4,R1;R3;R4;R5,未分类,
300495,*ST 美尚,2023,70,4,R1;R3;R4;R5,未分类,
300422,博世科,2023,70,4,R1;R3;R4;R5,环境保护,
600766,退市园城,2023,70,4,R1;R3;R4;R5,未分类,1.0
600421,ST 仰帆,2019,70,4,R1;R3;R4;R5,未分类,1.0
600822,上海物贸,2016,70,4,R1;R3;R4;R5,汽车服务,
300392,*ST 腾信,2022,70,4,R1;R3;R4;R5,未分类,
600831,广电网络,2025,70,4,R1;R3;R4;R5,影视音像,
600856,退市中天,2020,70,4,R1;R3;R4;R5,未分类,1.0
600239,云南城投,2021,70,4,R1;R3;R4;R5,区域地产,
601005,重庆钢铁,2016,70,4,R1;R3;R4;R5,普钢,1.0
600401,*ST 海润,2017,70,4,R1;R3;R4;R5,未分类,1.0
300116,保力新,2019,70,4,R1;R3;R4;R5,未分类,
600136,ST 明诚,2021,70,4,R1;R3;R4;R5,房产服务,1.0
300198,ST 纳川,2025,70,4,R1;R3;R4;R5,塑料,
600369,西南证券,2007,70,4,R1;R3;R4;R5,证券,
300197,节能铁汉,2025,70,4,R1;R3;R4;R5,环境保护,
300197,节能铁汉,2023,70,4,R1;R3;R4;R5,环境保护,
600306,ST 商城,2022,70,4,R1;R3;R4;R5,未分类,
600165,*ST 宁科,2023,70,4,R1;R3;R4;R5,化工原料,1.0
300108,*ST 吉药,2021,70,4,R1;R3;R4;R5,未分类,
603169,兰石重装,2021,70,4,R1;R3;R4;R5,专用机械,
300157,新锦动力,2023,70,4,R1;R3;R4;R5,专用机械,
600359,新农开发,2019,70,4,R1;R3;R4;R5,种植业,0.0
300157,恒泰艾普,2022,70,4,R1;R3;R4;R5,专用机械,1.0
603398,*ST 沐邦,2023,70,4,R1;R3;R4;R5,电气设备,1.0
603398,*ST 沐邦,2025,70,4,R1;R3;R4;R5,电气设备,
600121,郑州煤电,2020,70,4,R1;R3;R4;R5,煤炭开采,
600800,天津磁卡,2006,70,4,R1;R3;R4;R5,化工原料,
600234,山水文化,2015,70,4,R1;R3;R4;R5,装修装饰,
600432,*ST 吉恩,2017,70,4,R1;R3;R4;R5,未分类,
300266,兴源环境,2023,70,4,R1;R3;R4;R5,环境保护,1.0
300266,兴源环境,2022,70,4,R1;R3;R4;R5,环境保护,1.0
600117,*ST 西钢,2019,70,4,R1;R3;R4;R5,特种钢,1.0
300266,兴源环境,2021,70,4,R1;R3;R4;R5,环境保护,
600234,ST 山水,2018,70,4,R1;R3;R4;R5,装修装饰,
300237,美晨科技,2024,70,4,R1;R3;R4;R5,汽车配件,
600319,ST 亚星,2021,70,4,R1;R3;R4;R5,化工原料,
300027,华谊兄弟,2023,70,4,R1;R3;R4;R5,影视音像,
600234,山水文化,2016,70,4,R1;R3;R4;R5,装修装饰,
300262,巴安水务,2022,70,4,R1;R3;R4;R5,未分类,
300262,巴安水务,2023,70,4,R1;R3;R4;R5,未分类,
600290,*ST 华仪,2022,70,4,R1;R3;R4;R5,未分类,
600306,商业城,2015,65,3,R2;R3;R4,未分类,
600877,中国嘉陵,2015,65,3,R2;R3;R4,半导体,
601258,庞大集团,2018,65,3,R2;R3;R4,未分类,
601777,力帆股份,2017,65,3,R2;R3;R4,摩托车,
600853,龙建股份,2024,65,3,R2;R3;R4,建筑工程,1.0
601777,*ST 力帆,2018,65,3,R2;R3;R4,摩托车,0.0
600281,太化股份,2015,65,3,R2;R3;R4,小金属,1.0
601003,柳钢股份,2013,65,3,R2;R3;R4,普钢,0.0
600804,*ST 鹏博,2021,65,3,R2;R3;R4,未分类,0.0
600656,ST 方源,2009,65,3,R2;R3;R4,未分类,
600651,飞乐音响,2018,65,3,R2;R3;R4,电器仪表,
600129,太极集团,2016,65,3,R2;R3;R4,中成药,
600129,太极集团,2014,65,3,R2;R3;R4,中成药,1.0
600250,南纺股份,2018,65,3,R2;R3;R4,商贸代理,1.0
600671,天目药业,2025,65,3,R2;R3;R4,中成药,
600186,莲花健康,2017,65,3,R2;R3;R4,食品,1.0
600546,山煤国际,2013,65,3,R2;R3;R4,煤炭开采,1.0
300478,杭州高新,2022,65,3,R2;R3;R4,塑料,
600768,宁波富邦,2015,65,3,R2;R3;R4,铝,
600653,申华控股,2015,60,3,R1;R3;R4,汽车服务,1.0
600639,浦东金桥,2011,60,3,R2;R4;R5,园区开发,1.0
600595,中孚实业,2015,60,3,R1;R3;R4,铝,1.0
601599,浙文影业,2021,60,3,R1;R3;R4,纺织,
600293,三峡新材,2016,60,3,R1;R3;R4,玻璃,1.0
600117,西宁特钢,2022,60,3,R1;R3;R4,特种钢,1.0
600293,三峡新材,2012,60,3,R1;R3;R4,玻璃,1.0
600408,安泰集团,2016,60,3,R1;R3;R4,焦炭加工,
600083,*ST 博信,2024,60,3,R1;R3;R4,未分类,
600408,安泰集团,2017,60,3,R1;R3;R4,焦炭加工,
600490,鹏欣资源,2010,60,3,R1;R3;R4,铜,
600579,ST 黄海,2007,60,3,R1;R3;R4,化工机械,
300256,星星科技,2020,60,3,R1;R3;R4,元器件,1.0
600654,*ST 中安,2019,60,3,R1;R3;R4,仓储物流,1.0
600653,申华控股,2018,60,3,R1;R3;R4,汽车服务,1.0
600589,*ST 榕泰,2022,60,3,R1;R3;R4,软件服务,0.0
600782,新钢股份,2013,60,3,R1;R3;R4,普钢,0.0
600567,山鹰国际,2023,60,3,R1;R3;R4,造纸,1.0
600155,宝硕股份,2006,60,3,R1;R3;R4,证券,1.0
300125,*ST 聆达,2024,60,3,R1;R3;R4,电气设备,1.0
600203,福日电子,2011,60,3,R1;R3;R4,元器件,1.0
600198,*ST 大唐,2007,60,3,R1;R3;R4,通信设备,
603322,超讯通信,2025,60,3,R1;R3;R4,通信设备,1.0
603322,超讯通信,2023,60,3,R1;R3;R4,通信设备,
600193,创兴资源,2014,60,3,R2;R4;R5,装修装饰,
600540,新赛股份,2022,60,3,R1;R3;R4,种植业,1.0
300159,ST 新研,2022,60,3,R1;R3;R4,农用机械,
603157,*ST 拉夏,2020,60,3,R1;R3;R4,未分类,1.0
600228,*ST 昌九,2013,60,3,R1;R3;R4,互联网,
600561,江西长运,2017,60,3,R1;R3;R4,公共交通,
603085,天成自控,2020,60,3,R1;R3;R4,汽车配件,
300167,*ST 迪威,2024,60,3,R1;R3;R4,软件服务,
600396,*ST 金山,2018,60,3,R1;R3;R4,火力发电,1.0
603021,山东华鹏,2021,60,3,R2;R4;R5,家居用品,
600401,*ST 海润,2013,60,3,R1;R3;R4,未分类,
600481,双良节能,2026,60,3,R1;R3;R4,电气设备,
600401,*ST 海润,2014,60,3,R1;R3;R4,未分类,
601005,重庆钢铁,2012,60,3,R1;R3;R4,普钢,1.0
600282,南钢股份,2016,60,3,R1;R3;R4,普钢,
300388,国祯环保,2017,60,3,R2;R4;R5,环境保护,
600869,远东股份,2021,60,3,R1;R3;R4,电气设备,1.0
600726,华电能源,2013,60,3,R1;R3;R4,火力发电,1.0
600735,新华锦,2007,60,3,R1;R3;R4,服饰,0.0
600751,海航科技,2021,60,3,R1;R3;R4,水运,
300370,ST 安控,2020,60,3,R1;R3;R4,电器仪表,
300374,中铁装配,2024,60,3,R1;R3;R4,其他建材,
600836,*ST 界龙,2019,60,3,R1;R3;R4,未分类,
600250,南纺股份,2013,60,3,R1;R3;R4,商贸代理,
600462,ST 九有,2022,60,3,R1;R3;R4,未分类,
300478,杭州高新,2021,60,3,R1;R3;R4,塑料,
600760,中航黑豹,2016,60,3,R1;R3;R4,航空,1.0
600462,*ST 石岘,2007,60,3,R1;R3;R4,未分类,
600766,退市园城,2024,60,3,R1;R3;R4,未分类,1.0
600804,ST 鹏博士,2022,60,3,R1;R3;R4,未分类,0.0
600804,*ST 鹏博,2024,60,3,R1;R3;R4,未分类,
600804,*ST 鹏博,2023,60,3,R1;R3;R4,未分类,
300449,汉邦高科,2022,60,3,R1;R3;R4,IT设备,
603555,贵人鸟,2021,60,3,R1;R3;R4,未分类,
600722,*ST 金化,2015,60,3,R1;R3;R4,化工原料,
600876,洛阳玻璃,2012,60,3,R1;R3;R4,玻璃,
300344,立方数科,2021,60,3,R1;R3;R4,未分类,1.0
600876,洛阳玻璃,2016,60,3,R1;R3;R4,玻璃,1.0
600656,博元投资,2006,60,3,R1;R3;R4,未分类,1.0
600671,*ST 目药,2023,60,3,R1;R3;R4,中成药,
600671,ST 目药,2022,60,3,R1;R3;R4,中成药,
600281,华阳新材,2016,60,3,R1;R3;R4,小金属,1.0
600671,天目药业,2019,60,3,R1;R3;R4,中成药,0.0
600677,航天通信,2007,60,3,R1;R3;R4,未分类,1.0
300716,国立科技,2022,60,3,R1;R3;R4,塑料,0.0
600966,博汇纸业,2014,60,3,R1;R3;R4,造纸,
300318,博晖创新,2020,60,3,R2;R4;R5,医疗保健,
600281,华阳新材,2014,60,3,R1;R3;R4,小金属,1.0
600706,曲江文旅,2024,60,3,R1;R3;R4,旅游景点,1.0
600706,曲江文旅,2025,60,3,R1;R3;R4,旅游景点,
300338,ST 开元,2022,60,3,R1;R3;R4,文教休闲,
600712,南宁百货,2007,60,3,R1;R3;R4,百货,
600275,退市昌鱼,2022,60,3,R1;R3;R4,未分类,
300340,科恒股份,2021,60,3,R1;R3;R4,电气设备,
300657,弘信电子,2024,60,3,R1;R3;R4,元器件,
300125,*ST 聆达,2022,60,3,R1;R3;R4,电气设备,1.0
600877,*ST 嘉陵,2011,60,3,R1;R3;R4,半导体,1.0
600319,亚星化学,2015,60,3,R1;R3;R4,化工原料,
300108,吉药控股,2020,60,3,R1;R3;R4,未分类,
600385,退市金泰,2022,60,3,R1;R3;R4,未分类,
300010,豆神教育,2022,60,3,R1;R3;R4,软件服务,
603959,ST 百利,2024,60,3,R1;R3;R4,建筑工程,
603828,柯利达,2023,60,3,R1;R3;R4,装修装饰,
600387,海越能源,2018,60,3,R1;R3;R4,未分类,1.0
603828,ST 柯利达,2024,60,3,R1;R3;R4,装修装饰,
600375,汉马科技,2023,60,3,R1;R3;R4,汽车整车,1.0
600359,新农开发,2012,60,3,R1;R3;R4,种植业,1.0
600319,*ST 亚星,2014,60,3,R1;R3;R4,化工原料,
300117,嘉寓股份,2022,60,3,R1;R3;R4,未分类,
300029,ST 天龙,2022,60,3,R1;R3;R4,建筑工程,
600382,广东明珠,2014,60,3,R2;R4;R5,普钢,
300100,双林股份,2020,60,3,R1;R3;R4,汽车配件,
300068,南都电源,2025,60,3,R1;R3;R4,电气设备,1.0
300199,翰宇药业,2021,55,3,R1;R4;R5,化学制药,1.0
600275,ST 昌鱼,2016,55,3,R1;R4;R5,未分类,
601929,吉视传媒,2023,55,3,R1;R4;R5,影视音像,1.0
300356,*ST 光一,2022,55,3,R1;R4;R5,未分类,
600701,*ST 工新,2016,55,3,R1;R4;R5,未分类,1.0
300027,华谊兄弟,2022,55,3,R1;R4;R5,影视音像,
300028,金亚科技,2019,55,3,R1;R4;R5,未分类,1.0
601901,方正证券,2017,55,3,R2;R3;R5,证券,
601375,中原证券,2016,55,3,R2;R3;R5,证券,
600146,*ST 环球,2014,55,3,R1;R4;R5,未分类,0.0
601555,东吴证券,2016,55,3,R2;R3;R5,证券,
600856,ST 中天,2019,55,3,R1;R4;R5,未分类,1.0
300116,*ST 保力,2024,55,3,R1;R4;R5,未分类,1.0
600146,大元股份,2012,55,3,R1;R4;R5,未分类,1.0
300010,豆神教育,2019,55,3,R1;R4;R5,软件服务,1.0
600163,福建南纸,2010,55,3,R1;R4;R5,新型电力,
600715,*ST 文投,2021,55,3,R1;R4;R5,影视音像,1.0
300526,*ST 中潜,2021,55,3,R1;R4;R5,未分类,
601555,东吴证券,2017,55,3,R2;R3;R5,证券,
600759,洲际油气,2018,55,3,R1;R4;R5,石油开采,
600112,ST 天成,2017,55,3,R1;R4;R5,未分类,1.0
600747,*ST 大控,2011,55,3,R1;R4;R5,未分类,0.0
601788,光大证券,2018,55,3,R2;R3;R5,证券,
600070,*ST 富润,2025,55,3,R1;R4;R5,未分类,
600109,国金证券,2011,55,3,R2;R3;R5,证券,0.0
600748,上实发展,2016,55,3,R2;R3;R5,全国地产,1.0
600732,ST 新梅,2016,55,3,R1;R4;R5,电气设备,
600112,*ST 天成,2016,55,3,R1;R4;R5,未分类,1.0
600381,青海春天,2015,55,3,R2;R3;R5,医疗保健,
600466,蓝光发展,2021,55,3,R2;R3;R5,未分类,
300052,中青宝,2023,55,3,R1;R4;R5,互联网,
600165,宁科生物,2022,55,3,R1;R4;R5,化工原料,
300318,博晖创新,2021,55,3,R1;R4;R5,医疗保健,
601558,ST 锐电,2020,55,3,R2;R3;R5,未分类,
601555,东吴证券,2021,55,3,R2;R3;R5,证券,
688062,迈威生物,2022,55,3,R1;R4;R5,生物制药,
300334,津膜科技,2021,55,3,R1;R4;R5,专用机械,
600749,西藏旅游,2015,55,3,R1;R4;R5,旅游景点,
600275,*ST 昌鱼,2021,55,3,R1;R4;R5,未分类,
300495,*ST 美尚,2021,55,3,R1;R4;R5,未分类,
600811,东方集团,2024,55,3,R1;R4;R5,未分类,
600823,ST 世茂,2023,55,3,R1;R4;R5,未分类,
600266,城建发展,2020,55,3,R2;R3;R5,区域地产,
603377,东方时尚,2023,55,3,R1;R4;R5,汽车服务,
600338,西藏珠峰,2024,55,3,R1;R4;R5,铅锌,
600246,万通地产,2015,55,3,R2;R3;R5,区域地产,
600185,格力地产,2019,55,3,R2;R3;R5,旅游服务,
600999,招商证券,2016,55,3,R2;R3;R5,证券,
300262,巴安水务,2021,55,3,R1;R4;R5,未分类,1.0
600811,*ST 东方,2025,55,3,R1;R4;R5,未分类,
300152,ST 新动力,2025,55,3,R1;R4;R5,环境保护,
600999,招商证券,2022,55,3,R2;R3;R5,证券,
601066,中信建投,2024,55,3,R2;R3;R5,证券,
600666,ST 瑞德,2018,55,3,R1;R4;R5,元器件,1.0
600807,ST 天业,2015,55,3,R2;R3;R5,医疗保健,1.0
600807,*ST 天业,2017,55,3,R2;R3;R5,医疗保健,1.0
601011,宝泰隆,2025,55,3,R1;R4;R5,焦炭加工,
600684,珠江实业,2020,55,3,R2;R3;R5,区域地产,
600209,退市罗顿,2022,55,3,R1;R4;R5,未分类,1.0
600986,科达股份,2014,55,3,R2;R3;R5,互联网,
601878,浙商证券,2017,55,3,R2;R3;R5,证券,
600172,黄河旋风,2019,55,3,R1;R4;R5,矿物制品,
601162,天风证券,2020,55,3,R2;R3;R5,证券,0.0
600393,粤泰股份,2016,55,3,R2;R3;R5,未分类,
300370,安控科技,2023,55,3,R1;R4;R5,电器仪表,1.0
300489,光智科技,2022,55,3,R2;R3;R5,专用机械,1.0
300077,国民技术,2019,55,3,R1;R4;R5,半导体,1.0
600275,*ST 昌鱼,2017,55,3,R1;R4;R5,未分类,
601211,国泰君安,2017,55,3,R2;R3;R5,证券,
300157,恒泰艾普,2021,55,3,R1;R4;R5,专用机械,
300152,新动力,2024,55,3,R1;R4;R5,环境保护,0.0
600837,海通证券,2018,55,3,R2;R3;R5,未分类,1.0
600172,黄河旋风,2021,55,3,R1;R4;R5,矿物制品,
600225,*ST 松江,2018,55,3,R2;R3;R5,未分类,0.0
600030,中信证券,2018,55,3,R2;R3;R5,证券,
600651,飞乐音响,2016,50,2,R2;R4,电器仪表,
300903,科翔股份,2022,50,2,R2;R4,元器件,0.0
600684,珠江股份,2021,50,3,R1;R3;R5,区域地产,
600704,物产中大,2017,50,2,R2;R4,仓储物流,
600076,青鸟华光,2008,50,3,R1;R3;R5,广告包装,1.0
600238,海南椰岛,2024,50,3,R1;R3;R5,红黄酒,
600077,*ST 宋都,2023,50,3,R1;R3;R5,未分类,
600010,包钢股份,2020,50,2,R2;R4,普钢,
600966,博汇纸业,2013,50,2,R2;R4,造纸,1.0
601162,天风证券,2023,50,3,R1;R3;R5,证券,1.0
300216,千山药机,2018,50,3,R1;R3;R5,未分类,1.0
600651,飞乐音响,2017,50,2,R2;R4,电器仪表,1.0
600281,华阳新材,2018,50,2,R2;R4,小金属,
601099,太平洋,2019,50,3,R1;R3;R5,证券,
300266,兴源环境,2019,50,3,R1;R3;R5,环境保护,1.0
600870,厦华电子,2017,50,3,R1;R3;R5,未分类,1.0
600444,ST 国通,2007,50,2,R2;R4,专用机械,
600139,西部资源,2019,50,3,R1;R3;R5,未分类,
600303,曙光股份,2017,50,2,R2;R4,汽车整车,
600540,新赛股份,2021,50,2,R2;R4,种植业,1.0
600818,中路股份,2018,50,2,R2;R4,文教休闲,
600306,*ST 商城,2024,50,3,R1;R3;R5,未分类,
600193,ST 创兴,2019,50,2,R2;R4,装修装饰,1.0
600775,南京熊猫,2009,50,2,R2;R4,通信设备,1.0
600166,福田汽车,2018,50,2,R2;R4,汽车整车,
600876,凯盛新能,2023,50,2,R2;R4,玻璃,1.0
600127,金健米业,2013,50,2,R2;R4,农业综合,1.0
600122,ST 宏图,2022,50,3,R1;R3;R5,未分类,
600122,ST 宏图,2021,50,3,R1;R3;R5,未分类,1.0
600810,神马股份,2016,50,2,R2;R4,化纤,
300393,中来股份,2021,50,2,R2;R4,塑料,
600322,天房发展,2021,50,3,R1;R3;R5,区域地产,0.0
600807,*ST 天业,2018,50,3,R1;R3;R5,医疗保健,
600333,长春燃气,2015,50,2,R2;R4,供气供热,1.0
600556,ST 慧球,2017,50,3,R1;R3;R5,互联网,
300426,唐德影视,2019,50,3,R1;R3;R5,影视音像,1.0
300337,银邦股份,2020,50,2,R2;R4,铝,
600086,东方金钰,2019,50,3,R1;R3;R5,未分类,
600322,津投城开,2023,50,3,R1;R3;R5,区域地产,1.0
600448,华纺股份,2025,45,2,R1;R4,纺织,
600455,博通股份,2015,45,3,R3;R4;R5,文教休闲,
600273,华芳纺织,2012,45,2,R1;R4,化工原料,0.0
300761,立华股份,2024,45,2,R1;R4,农业综合,
600421,*ST 仰帆,2012,45,3,R3;R4;R5,未分类,
600319,亚星化学,2010,45,2,R1;R4,化工原料,
300301,长方集团,2021,45,2,R1;R4,半导体,
300301,*ST 长方,2020,45,2,R1;R4,半导体,1.0
300301,*ST 长方,2019,45,2,R1;R4,半导体,1.0
600335,国机汽车,2015,45,2,R2;R3,汽车服务,
600818,中路股份,2020,45,2,R1;R4,文教休闲,1.0
600817,*ST 宏盛,2010,45,3,R3;R4;R5,专用机械,0.0
600792,云煤能源,2016,45,2,R1;R4,焦炭加工,1.0
603822,嘉澳环保,2023,45,2,R1;R4,化工原料,1.0
600807,济南高新,2023,45,2,R2;R3,医疗保健,
603815,交建股份,2021,45,2,R2;R3,建筑工程,
601005,重庆钢铁,2025,45,2,R1;R4,普钢,
600691,*ST 东碳,2009,45,3,R3;R4;R5,农药化肥,
600477,杭萧钢构,2012,45,2,R2;R3,钢加工,
600283,钱江水利,2014,45,3,R3;R4;R5,水务,
600289,*ST 信通,2020,45,2,R2;R3,软件服务,
300431,暴风集团,2018,45,2,R1;R4,未分类,
600973,宝胜股份,2021,45,2,R2;R3,电气设备,0.0
600970,中材国际,2014,45,2,R2;R3,建筑工程,1.0
600836,界龙实业,2016,45,2,R2;R3,未分类,
603880,南卫股份,2023,45,2,R1;R4,医疗保健,
300083,劲胜智能,2019,45,2,R1;R4,机床制造,0.0
688086,退市紫晶,2023,45,3,R3;R4;R5,未分类,0.0
300344,太空智造,2018,45,2,R1;R4,未分类,
600248,陕西建工,2021,45,2,R2;R3,建筑工程,
600385,ST 金泰,2013,45,3,R3;R4;R5,未分类,0.0
600680,*ST 上普,2016,45,2,R1;R4,未分类,0.0
600732,爱旭股份,2022,45,2,R1;R4,电气设备,
600971,恒源煤电,2016,45,2,R1;R4,煤炭开采,
600892,大晟文化,2022,45,2,R1;R4,互联网,
600712,南宁百货,2017,45,2,R1;R4,百货,1.0
600713,南京医药,2014,45,2,R2;R3,医药商业,0.0
300090,盛运退,2020,45,3,R3;R4;R5,未分类,1.0
600715,*ST 松辽,2013,45,2,R2;R3,影视音像,
600715,文投控股,2015,45,3,R3;R4;R5,影视音像,
600704,物产中大,2012,45,2,R2;R3,仓储物流,
300082,奥克股份,2025,45,2,R1;R4,化工原料,
300526,*ST 中潜,2023,45,2,R1;R4,未分类,
600704,物产中大,2009,45,2,R2;R3,仓储物流,
603876,鼎胜新材,2020,45,2,R2;R3,铝,1.0
600381,贤成矿业,2011,45,3,R3;R4;R5,医疗保健,0.0
300721,怡达股份,2021,45,2,R1;R4,化工原料,
300056,中创环保,2024,45,2,R1;R4,环境保护,
600701,*ST 工新,2008,45,2,R1;R4,未分类,1.0
600762,*ST 金荔,2006,45,3,R3;R4;R5,未分类,
300312,邦讯退,2021,45,3,R3;R4;R5,未分类,
300312,邦讯技术,2020,45,3,R3;R4;R5,未分类,1.0
300742,*ST 越博,2023,45,3,R3;R4;R5,未分类,
300362,天翔退,2020,45,3,R3;R4;R5,未分类,
600719,大连热电,2012,45,2,R1;R4,供气供热,1.0
600853,龙建股份,2018,45,2,R2;R3,建筑工程,1.0
600844,丹化科技,2023,45,2,R1;R4,化工原料,
600242,退市中昌,2023,45,3,R3;R4;R5,未分类,1.0
603996,*ST 中新,2021,45,3,R3;R4;R5,未分类,1.0
300912,凯龙高科,2023,45,2,R1;R4,汽车配件,
603616,韩建河山,2020,45,2,R1;R4,水泥,1.0
600303,曙光股份,2014,45,2,R1;R4,汽车整车,
603050,科林电气,2023,45,2,R2;R3,电气设备,
603603,*ST 博天,2017,45,2,R2;R3,未分类,1.0
600491,龙元建设,2018,45,2,R2;R3,建筑工程,
600136,*ST 明诚,2023,45,3,R3;R4;R5,房产服务,
600133,东湖高新,2013,45,2,R2;R3,环境保护,
300021,大禹节水,2024,45,2,R2;R3,建筑工程,
600596,新安股份,2016,45,2,R1;R4,化工原料,0.0
600119,*ST 长投,2018,45,2,R1;R4,仓储物流,0.0
600598,北大荒,2013,45,2,R1;R4,种植业,
600401,*ST 海润,2015,45,2,R1;R4,未分类,
600626,申达股份,2021,45,2,R1;R4,汽车配件,1.0
600234,山水文化,2014,45,3,R3;R4;R5,装修装饰,
601991,大唐发电,2014,45,3,R3;R4;R5,火力发电,
600603,ST 广物,2023,45,3,R3;R4;R5,区域地产,1.0
600093,易见股份,2021,45,3,R3;R4;R5,未分类,0.0
600086,*ST 金钰,2016,45,2,R2;R3,未分类,1.0
603665,康隆达,2024,45,2,R1;R4,服饰,
600293,三峡新材,2023,45,2,R1;R4,玻璃,
300198,纳川股份,2019,45,2,R1;R4,塑料,
601789,宁波建工,2015,45,2,R2;R3,建筑工程,
600069,银鸽投资,2012,45,2,R1;R4,未分类,1.0
600575,芜湖港,2013,45,2,R2;R3,火力发电,
600556,ST 慧球,2016,45,2,R2;R3,互联网,
600165,新日恒力,2015,45,2,R1;R4,化工原料,
600368,五洲交通,2013,45,2,R2;R3,路桥,
600509,天富热电,2007,45,3,R3;R4;R5,火力发电,
300118,东方日升,2022,45,2,R1;R4,电气设备,1.0
600220,江苏阳光,2013,45,2,R1;R4,未分类,0.0
300125,聆达股份,2023,45,2,R1;R4,电气设备,1.0
300128,锦富技术,2019,45,2,R1;R4,元器件,
603555,*ST 贵人,2019,45,2,R1;R4,未分类,1.0
603536,惠发食品,2025,45,2,R1;R4,食品,1.0
600221,海航控股,2019,45,2,R1;R4,空运,0.0
600186,莲花味精,2008,45,2,R1;R4,食品,1.0
600540,新赛股份,2014,45,2,R1;R4,种植业,1.0
600180,瑞茂通,2015,45,2,R2;R3,仓储物流,0.0
600359,新农开发,2009,45,2,R1;R4,种植业,
300149,睿智医药,2022,45,2,R1;R4,生物制药,
600175,美都能源,2014,45,2,R2;R3,未分类,
300117,嘉寓股份,2020,45,2,R2;R3,未分类,1.0
600546,山煤国际,2010,45,2,R2;R3,煤炭开采,0.0
688573,信宇人,2023,45,2,R2;R3,专用机械,1.0
603300,海南华铁,2025,45,3,R3;R4;R5,多元金融,
600306,退市商城,2023,45,3,R3;R4;R5,未分类,1.0
300117,嘉寓股份,2019,45,2,R2;R3,未分类,
603222,济民医疗,2021,45,2,R1;R4,医疗保健,
601558,华锐风电,2011,45,2,R2;R3,未分类,1.0
300182,捷成股份,2021,45,2,R1;R4,影视音像,1.0
600260,*ST 凯乐,2022,45,3,R3;R4;R5,未分类,
300269,联建光电,2019,45,2,R1;R4,元器件,
300262,*ST 巴安,2024,45,3,R3;R4;R5,未分类,1.0
600290,*ST 华仪,2023,45,3,R3;R4;R5,未分类,
600656,*ST 博元,2013,45,2,R2;R3,未分类,
601155,新城控股,2016,45,2,R2;R3,区域地产,0.0
600656,ST 方源,2010,45,3,R3;R4;R5,未分类,
600652,游久游戏,2015,45,2,R1;R4,未分类,0.0
600020,中原高速,2011,45,3,R3;R4;R5,路桥,
300108,*ST 吉药,2022,45,3,R3;R4;R5,未分类,0.0
300108,ST 吉药,2023,45,3,R3;R4;R5,未分类,1.0
600293,三峡新材,2021,45,2,R1;R4,玻璃,1.0
600671,天目药业,2013,45,2,R1;R4,中成药,1.0
300216,千山药机,2019,45,3,R3;R4;R5,未分类,
300226,上海钢联,2021,45,2,R2;R3,互联网,
300209,ST 有棵树,2022,45,2,R1;R4,互联网,
600634,退市富控,2019,45,3,R3;R4;R5,未分类,
600634,*ST 富控,2020,45,3,R3;R4;R5,未分类,1.0
600677,航天通信,2012,45,2,R2;R3,未分类,1.0
600057,象屿股份,2012,45,2,R2;R3,仓储物流,1.0
600061,国投安信,2014,45,2,R2;R3,证券,
688156,路德环境,2024,40,2,R2;R5,饲料,
688151,华强科技,2023,40,2,R2;R5,医疗保健,1.0
301213,观想科技,2022,40,2,R2;R5,软件服务,1.0
600382,ST 广珠,2018,40,2,R2;R5,普钢,0.0
605081,太和水,2022,40,2,R2;R5,环境保护,1.0
600226,*ST 瀚叶,2019,40,2,R2;R5,供气供热,
300810,中科海讯,2022,40,2,R2;R5,船舶,
600555,*ST 海创,2018,40,2,R2;R5,未分类,0.0
300071,华谊嘉信,2018,40,2,R1;R3,广告包装,1.0
600545,卓郎智能,2017,40,2,R1;R3,纺织机械,
600769,祥龙电业,2015,40,2,R2;R5,水务,
300810,中科海讯,2021,40,2,R2;R5,船舶,
600382,*ST 广珠,2017,40,2,R2;R5,普钢,1.0
600381,贤成实业,2006,40,2,R1;R3,医疗保健,
600485,*ST 信威,2017,40,2,R2;R5,未分类,1.0
600382,*ST 广珠,2016,40,2,R2;R5,普钢,1.0
300495,*ST 美尚,2017,40,2,R2;R5,未分类,1.0
300495,*ST 美尚,2018,40,2,R2;R5,未分类,1.0
300064,豫金刚石,2019,40,2,R2;R5,未分类,1.0
600382,ST 广珠,2023,40,2,R2;R5,普钢,
600175,退市美都,2021,40,2,R1;R3,未分类,
300461,田中精机,2019,40,2,R1;R3,专用机械,
600477,杭萧钢构,2013,40,2,R1;R3,钢加工,
600198,*ST 大唐,2006,40,2,R1;R3,通信设备,1.0
600531,豫光金铅,2014,40,2,R1;R3,铅锌,
688619,罗普特,2022,40,2,R2;R5,软件服务,1.0
600191,华资实业,2022,40,2,R2;R5,食品,
600530,ST 交昂,2012,40,2,R2;R5,医疗保健,1.0
300048,合康新能,2018,40,2,R2;R5,电气设备,0.0
600677,*ST 航通,2017,40,2,R1;R3,未分类,1.0
600187,国中水务,2021,40,2,R2;R5,水务,0.0
300469,信息发展,2020,40,2,R1;R3,软件服务,0.0
300067,安诺其,2023,40,2,R2;R5,染料涂料,
301095,广立微,2024,40,2,R2;R5,半导体,
300775,三角防务,2024,40,2,R2;R5,航空,0.0
300842,帝科股份,2023,40,2,R1;R3,电气设备,
300071,福石控股,2024,40,2,R1;R3,广告包装,
300070,碧水源,2022,40,2,R2;R5,环境保护,
600658,电子城,2020,40,2,R2;R5,园区开发,1.0
600510,黑牡丹,2022,40,2,R2;R5,全国地产,1.0
600555,九龙山,2009,40,2,R2;R5,未分类,
600620,天宸股份,2023,40,2,R2;R5,综合类,
688246,嘉和美康,2022,40,2,R2;R5,软件服务,
301357,北方长龙,2024,40,2,R2;R5,专用机械,
600110,诺德股份,2024,40,2,R2;R5,电气设备,
600677,航天通信,2015,40,2,R1;R3,未分类,0.0
600599,*ST 熊猫,2025,40,2,R1;R3,未分类,1.0
300742,越博动力,2019,40,2,R2;R5,未分类,
300581,晨曦航空,2018,40,2,R2;R5,航空,1.0
300025,华星创业,2018,40,2,R1;R3,通信设备,1.0
600609,金杯汽车,2021,40,2,R1;R3,汽车配件,0.0
300600,国瑞科技,2021,40,2,R2;R5,船舶,1.0
600610,*ST 毅达,2015,40,2,R2;R5,化工原料,0.0
600721,ST 百花,2020,40,2,R2;R5,生物制药,
600638,新黄浦,2019,40,2,R2;R5,区域地产,
600086,东方金钰,2008,40,2,R2;R5,未分类,
300027,华谊兄弟,2015,40,2,R2;R5,影视音像,0.0
600614,*ST 鹏起,2016,40,2,R2;R5,未分类,1.0
600614,*ST 鹏起,2018,40,2,R2;R5,未分类,
600713,南京医药,2012,40,2,R1;R3,医药商业,1.0
600713,南京医药,2011,40,2,R1;R3,医药商业,
300052,中青宝,2019,40,2,R2;R5,互联网,1.0
600615,丰华股份,2021,40,2,R2;R5,铝,
300692,中环环保,2021,40,2,R2;R5,环境保护,
688096,京源环保,2023,40,2,R2;R5,环境保护,
600249,两面针,2009,40,2,R2;R5,日用化工,1.0
300554,三超新材,2021,40,2,R2;R5,矿物制品,0.0
688115,思林杰,2023,40,2,R2;R5,电器仪表,0.0
300513,恒实科技,2024,40,2,R2;R5,软件服务,1.0
605333,沪光股份,2022,40,2,R1;R3,汽车配件,0.0
300775,三角防务,2021,40,2,R2;R5,航空,
300495,美尚生态,2020,40,2,R2;R5,未分类,
688555,泽达易盛,2022,40,2,R2;R5,未分类,
600146,商赢环球,2013,40,2,R2;R5,未分类,
600620,天宸股份,2017,40,2,R2;R5,综合类,1.0
688011,新光光电,2022,40,2,R2;R5,元器件,1.0
600766,*ST 园城,2020,40,2,R2;R5,未分类,1.0
600145,*ST 国创,2013,40,2,R2;R5,未分类,1.0
301372,科净源,2024,40,2,R2;R5,环境保护,
600696,岩石股份,2018,40,2,R2;R5,未分类,1.0
688246,嘉和美康,2023,40,2,R2;R5,软件服务,1.0
600696,多伦股份,2012,40,2,R2;R5,未分类,
688258,卓易信息,2023,40,2,R2;R5,软件服务,
688333,铂力特,2024,40,2,R2;R5,机械基件,1.0
600589,广东榕泰,2024,40,2,R2;R5,软件服务,0.0
688048,长光华芯,2023,40,2,R2;R5,半导体,
300528,幸福蓝海,2024,40,2,R1;R3,影视音像,
600696,多伦股份,2013,40,2,R2;R5,未分类,
600753,庚星股份,2019,40,2,R2;R5,商贸代理,1.0
600568,中珠医疗,2018,40,2,R2;R5,医疗保健,
600215,长春经开,2016,40,2,R2;R5,专用机械,
300440,运达科技,2019,40,2,R2;R5,软件服务,1.0
300173,智慧松德,2017,40,2,R2;R5,轻工机械,
600973,宝胜股份,2022,40,2,R1;R3,电气设备,
603030,*ST 全筑,2022,40,2,R1;R3,装修装饰,
300312,*ST 邦讯,2017,40,2,R2;R5,未分类,1.0
300178,*ST 腾邦,2016,40,2,R2;R5,未分类,
600969,郴电国际,2009,40,2,R1;R3,水力发电,
300317,珈伟新能,2024,40,2,R2;R5,电气设备,1.0
300318,博晖创新,2018,40,2,R2;R5,医疗保健,
300175,朗源股份,2019,40,2,R2;R5,食品,1.0
603876,鼎胜新材,2021,40,2,R1;R3,铝,
300173,福能东方,2021,40,2,R2;R5,轻工机械,
300173,福能东方,2018,40,2,R2;R5,轻工机械,
300173,智慧松德,2016,40,2,R2;R5,轻工机械,1.0
600975,新五丰,2023,40,2,R1;R3,农业综合,1.0
300173,智慧松德,2015,40,2,R2;R5,轻工机械,0.0
300090,盛运环保,2017,40,2,R2;R5,未分类,1.0
300111,向日葵,2019,40,2,R1;R3,化学制药,
603598,引力传媒,2025,40,2,R1;R3,互联网,0.0
300165,天瑞仪器,2017,40,2,R2;R5,电器仪表,
603117,ST 万林,2021,40,2,R2;R5,仓储物流,
603598,引力传媒,2023,40,2,R1;R3,互联网,
600393,粤泰股份,2017,40,2,R2;R5,未分类,1.0
300343,联创股份,2020,40,2,R1;R3,化工原料,1.0
603588,高能环境,2015,40,2,R2;R5,环境保护,1.0
300345,红宇新材,2016,40,2,R2;R5,电气设备,1.0
603023,威帝股份,2023,40,2,R2;R5,汽车配件,
600981,汇鸿集团,2023,40,2,R1;R3,商贸代理,1.0
603322,超讯通信,2022,40,2,R1;R3,通信设备,1.0
601558,华锐风电,2012,40,2,R2;R5,未分类,1.0
601211,国泰君安,2018,40,2,R2;R5,证券,
300256,星星科技,2023,40,2,R2;R5,元器件,
601106,中国一重,2013,40,2,R2;R5,工程机械,
601099,太平洋,2017,40,2,R2;R5,证券,
300262,巴安水务,2017,40,2,R2;R5,未分类,1.0
601377,兴业证券,2013,40,2,R2;R5,证券,
300262,巴安水务,2020,40,2,R2;R5,未分类,
601399,ST 国重装,2012,40,2,R1;R3,工程机械,
300212,易华录,2019,40,2,R2;R5,软件服务,
601519,大智慧,2015,40,2,R2;R5,软件服务,
601555,东吴证券,2013,40,2,R2;R5,证券,
600290,*ST 华仪,2018,40,2,R2;R5,未分类,1.0
600984,建设机械,2016,40,2,R2;R5,工程机械,1.0
601688,华泰证券,2014,40,2,R2;R5,证券,
300273,和佳医疗,2019,40,2,R2;R5,未分类,
300273,和佳股份,2017,40,2,R2;R5,未分类,
300278,华昌达,2015,40,2,R2;R5,专用机械,0.0
603797,联泰环保,2022,40,2,R2;R5,环境保护,
601901,方正证券,2011,40,2,R2;R5,证券,0.0
601901,方正证券,2012,40,2,R2;R5,证券,
600999,招商证券,2014,40,2,R2;R5,证券,
603828,ST 柯利达,2022,40,2,R1;R3,装修装饰,1.0
300189,神农科技,2013,40,2,R2;R5,种植业,
300185,通裕重工,2012,40,2,R2;R5,工程机械,
300346,南大光电,2013,40,2,R2;R5,半导体,
300331,苏大维格,2017,40,2,R2;R5,元器件,1.0
300376,ST 易事特,2020,40,2,R2;R5,电气设备,1.0
300076,GQY视讯,2014,40,2,R2;R5,IT设备,
300077,国民技术,2017,40,2,R2;R5,半导体,1.0
600870,退市厦华,2022,40,2,R1;R3,未分类,1.0
600311,*ST 荣华,2021,40,2,R1;R3,未分类,
300370,安控科技,2019,40,2,R1;R3,电器仪表,
600837,海通证券,2013,40,2,R2;R5,未分类,
600382,广东明珠,2015,40,2,R2;R5,普钢,1.0
600421,*ST 国药,2006,40,2,R2;R5,未分类,1.0
300142,沃森生物,2019,40,2,R2;R5,生物制药,
300392,腾信股份,2021,40,2,R1;R3,未分类,
300401,花园生物,2015,40,2,R2;R5,化学制药,
300076,GQY视讯,2016,40,2,R2;R5,IT设备,
600857,宁波中百,2018,40,2,R1;R3,百货,
600393,东华实业,2015,40,2,R2;R5,未分类,
600416,湘电股份,2019,40,2,R1;R3,电气设备,
300077,国民技术,2015,40,2,R2;R5,半导体,1.0
300123,亚光科技,2019,40,2,R2;R5,半导体,
600393,粤泰股份,2012,40,2,R2;R5,未分类,
300123,亚光科技,2018,40,2,R2;R5,半导体,1.0
300356,*ST 光一,2015,40,2,R2;R5,未分类,
600868,梅雁吉祥,2022,40,2,R2;R5,水力发电,1.0
300139,晓程科技,2018,35,2,R1;R5,黄金,
600209,ST 罗顿,2015,35,2,R1;R5,未分类,1.0
600610,中毅达,2021,35,2,R3;R4,化工原料,
600080,金花股份,2024,35,2,R1;R5,中成药,1.0
600083,*ST 博信,2021,35,2,R3;R4,未分类,1.0
601258,庞大集团,2015,35,2,R3;R4,未分类,0.0
600297,广汇汽车,2016,35,2,R3;R4,未分类,0.0
600084,*ST 中葡,2019,35,2,R1;R5,红黄酒,
300195,长荣股份,2020,35,2,R1;R5,轻工机械,1.0
600610,*ST 毅达,2019,35,2,R3;R4,化工原料,
600610,*ST 毅达,2016,35,2,R1;R5,化工原料,
600518,ST 康美,2020,35,2,R1;R5,中成药,
601969,海南矿业,2017,35,2,R1;R5,普钢,
600318,新力金融,2022,35,2,R1;R5,多元金融,1.0
600532,退市未来,2023,35,2,R1;R5,未分类,1.0
601989,中国重工,2019,35,2,R1;R5,未分类,1.0
300234,开尔新材,2018,35,2,R1;R5,陶瓷,1.0
300106,西部牧业,2017,35,2,R1;R5,乳制品,
600502,安徽水利,2010,35,2,R3;R4,建筑工程,
600652,*ST 游久,2019,35,2,R1;R5,未分类,1.0
300139,晓程科技,2020,35,2,R1;R5,黄金,1.0
600609,金杯汽车,2020,35,2,R3;R4,汽车配件,
600609,金杯汽车,2017,35,2,R3;R4,汽车配件,
300189,神农基因,2015,35,2,R1;R5,种植业,
603708,家家悦,2023,35,2,R3;R4,超市连锁,0.0
600532,退市未来,2022,35,2,R1;R5,未分类,1.0
600078,ST 澄星,2020,35,2,R3;R4,化工原料,1.0
600078,澄星股份,2011,35,2,R3;R4,化工原料,1.0
600617,国新能源,2019,35,2,R3;R4,供气供热,
600311,ST 荣华,2015,35,2,R1;R5,未分类,
600052,东望时代,2022,35,2,R1;R5,供气供热,
688660,电气风电,2021,35,2,R3;R4,电气设备,1.0
600311,*ST 荣华,2022,35,2,R3;R4,未分类,1.0
300210,森远股份,2022,35,2,R1;R5,专用机械,1.0
300209,*ST 有树,2024,35,2,R3;R4,互联网,
300208,青岛中程,2020,35,2,R1;R5,未分类,
300204,舒泰神,2021,35,2,R1;R5,生物制药,
300118,东方日升,2013,35,2,R1;R5,电气设备,1.0
600070,*ST 富润,2024,35,2,R1;R5,未分类,
300125,易世达,2017,35,2,R1;R5,电气设备,
600318,新力金融,2023,35,2,R1;R5,多元金融,1.0
600074,*ST 保千,2014,35,2,R3;R4,未分类,
601519,大智慧,2014,35,2,R1;R5,软件服务,1.0
600617,国新能源,2014,35,2,R3;R4,供气供热,
600074,*ST 保千,2018,35,2,R3;R4,未分类,0.0
600615,丰华股份,2022,35,2,R1;R5,铝,1.0
603557,ST 起步,2023,35,2,R1;R5,服饰,
600297,广汇汽车,2017,35,2,R3;R4,未分类,
603666,亿嘉和,2024,35,2,R1;R5,专用机械,1.0
300199,翰宇药业,2019,35,2,R1;R5,化学制药,
300134,大富科技,2018,35,2,R1;R5,通信设备,
601798,*ST 蓝科,2018,35,2,R1;R5,化工机械,
600078,*ST 澄星,2021,35,2,R3;R4,化工原料,1.0
600078,*ST 澄星,2022,35,2,R3;R4,化工原料,
600532,宏达矿业,2016,35,2,R1;R5,未分类,
603398,*ST 沐邦,2024,35,2,R3;R4,电气设备,1.0
300152,科融环境,2018,35,2,R1;R5,环境保护,1.0
603007,ST 花王,2021,35,2,R1;R5,建筑工程,1.0
688418,震有科技,2022,35,2,R1;R5,通信设备,1.0
300173,ST 福能,2020,35,2,R1;R5,轻工机械,1.0
600399,*ST 抚钢,2018,35,2,R3;R4,特种钢,1.0
600305,恒顺醋业,2011,35,2,R3;R4,食品,
600569,安阳钢铁,2017,35,2,R3;R4,普钢,
600145,*ST 新亿,2017,35,2,R1;R5,未分类,1.0
300166,东方国信,2023,35,2,R1;R5,软件服务,
600145,*ST 新亿,2019,35,2,R1;R5,未分类,1.0
600568,ST 中珠,2023,35,2,R1;R5,医疗保健,
600568,ST 中珠,2020,35,2,R1;R5,医疗保健,
600146,*ST 环球,2021,35,2,R1;R5,未分类,
300165,天瑞仪器,2022,35,2,R1;R5,电器仪表,1.0
600543,莫高股份,2021,35,2,R1;R5,红黄酒,1.0
600567,山鹰国际,2024,35,2,R3;R4,造纸,
600310,桂东电力,2010,35,2,R3;R4,水力发电,0.0
600310,桂东电力,2020,35,2,R3;R4,水力发电,
603117,ST 万林,2022,35,2,R1;R5,仓储物流,1.0
603139,康惠制药,2023,35,2,R1;R5,中成药,
300152,新动力,2022,35,2,R1;R5,环境保护,1.0
300116,保力新,2021,35,2,R1;R5,未分类,1.0
300159,新研股份,2023,35,2,R3;R4,农用机械,
300116,保力新,2023,35,2,R1;R5,未分类,
600165,新日恒力,2020,35,2,R1;R5,化工原料,1.0
300152,新动力,2023,35,2,R1;R5,环境保护,
600307,酒钢宏兴,2013,35,2,R3;R4,普钢,
300152,科融环境,2017,35,2,R1;R5,环境保护,1.0
300155,安居宝,2024,35,2,R1;R5,IT设备,1.0
600546,山煤国际,2019,35,2,R3;R4,煤炭开采,1.0
603318,水发燃气,2020,35,2,R1;R5,供气供热,
600375,华菱星马,2018,35,2,R3;R4,汽车整车,
600589,ST 榕泰,2021,35,2,R1;R5,软件服务,1.0
603603,博天环境,2019,35,2,R3;R4,未分类,
603389,亚振家居,2023,35,2,R1;R5,家居用品,
600539,*ST 狮头,2014,35,2,R1;R5,互联网,1.0
600187,国中水务,2022,35,2,R1;R5,水务,
688265,南模生物,2023,35,2,R1;R5,医疗保健,1.0
688287,*ST 观典,2025,35,2,R1;R5,未分类,
600117,西宁特钢,2009,35,2,R3;R4,特种钢,
600539,*ST 狮头,2018,35,2,R1;R5,互联网,
600117,西宁特钢,2011,35,2,R3;R4,特种钢,
600399,抚顺特钢,2014,35,2,R3;R4,特种钢,
600234,*ST 科新,2024,35,2,R1;R5,装修装饰,1.0
300176,派生科技,2016,35,2,R3;R4,汽车配件,1.0
600187,国中水务,2016,35,2,R1;R5,水务,0.0
300022,吉峰科技,2021,35,2,R3;R4,农用机械,1.0
300142,沃森生物,2016,35,2,R1;R5,生物制药,
600399,ST 抚钢,2011,35,2,R3;R4,特种钢,1.0
600136,当代文体,2020,35,2,R1;R5,房产服务,1.0
600123,兰花科创,2015,35,2,R1;R5,煤炭开采,1.0
600311,*ST 荣华,2019,35,2,R1;R5,未分类,0.0
300144,宋城演艺,2023,35,2,R1;R5,旅游景点,1.0
600354,敦煌种业,2017,35,2,R1;R5,种植业,
600129,太极集团,2019,35,2,R3;R4,中成药,
600375,汉马科技,2020,35,2,R3;R4,汽车整车,
600595,中孚实业,2013,35,2,R3;R4,铝,1.0
300173,智慧松德,2019,35,2,R1;R5,轻工机械,
600228,昌九生化,2015,35,2,R3;R4,互联网,
600652,游久游戏,2018,35,2,R1;R5,未分类,1.0
600310,桂东电力,2022,35,2,R3;R4,水力发电,0.0
600179,*ST 黑化,2016,35,2,R3;R4,水运,
300020,ST 银江,2024,35,2,R1;R5,软件服务,
603717,天域生态,2023,35,2,R1;R5,农业综合,1.0
300103,达刚控股,2023,35,2,R1;R5,专用机械,
601127,小康股份,2017,35,2,R3;R4,汽车整车,0.0
600747,*ST 大控,2013,35,2,R1;R5,未分类,1.0
600734,*ST 实达,2020,35,2,R3;R4,软件服务,
600319,亚星化学,2020,35,2,R3;R4,化工原料,1.0
600734,ST 实达,2021,35,2,R3;R4,软件服务,
300055,万邦达,2021,35,2,R1;R5,石油加工,
600463,空港股份,2024,35,2,R1;R5,园区开发,
300340,科恒股份,2022,35,2,R3;R4,电气设备,
300561,*ST 汇科,2025,35,2,R1;R5,软件服务,1.0
600217,*ST 秦岭,2008,35,2,R3;R4,环境保护,
600319,亚星化学,2017,35,2,R3;R4,化工原料,
300344,太空智造,2016,35,2,R1;R5,未分类,1.0
300555,ST 路通,2024,35,2,R1;R5,通信设备,
300086,康芝药业,2012,35,2,R1;R5,化学制药,1.0
600321,ST 正源,2017,35,2,R1;R5,未分类,1.0
300056,中创环保,2019,35,2,R1;R5,环境保护,1.0
300536,*ST 农尚,2024,35,2,R1;R5,建筑工程,0.0
300536,*ST 农尚,2022,35,2,R1;R5,建筑工程,0.0
300572,安车检测,2024,35,2,R1;R5,电器仪表,1.0
300338,*ST 开元,2024,35,2,R3;R4,文教休闲,1.0
600892,*ST 宝诚,2011,35,2,R3;R4,互联网,
300609,汇纳科技,2023,35,2,R1;R5,软件服务,
300029,天龙光电,2019,35,2,R1;R5,建筑工程,
600715,文投控股,2019,35,2,R1;R5,影视音像,0.0
600715,文投控股,2020,35,2,R1;R5,影视音像,
600890,退市中房,2021,35,2,R1;R5,未分类,
600890,中房股份,2019,35,2,R1;R5,未分类,
600889,南京化纤,2012,35,2,R3;R4,机械基件,
688070,纵横股份,2022,35,2,R1;R5,航空,1.0
600725,*ST 云维,2016,35,2,R3;R4,商贸代理,
600882,广泽股份,2016,35,2,R1;R5,乳制品,0.0
600470,六国化工,2021,35,2,R3;R4,农药化肥,
300336,新文化,2020,35,2,R1;R5,未分类,1.0
600416,湘电股份,2009,35,2,R3;R4,电气设备,0.0
600727,ST 鲁北,2007,35,2,R1;R5,化工原料,1.0
600730,中国高科,2020,35,2,R1;R5,文教休闲,
300588,熙菱信息,2023,35,2,R1;R5,IT设备,
300588,熙菱信息,2022,35,2,R1;R5,IT设备,0.0
600757,ST 源发,2009,35,2,R3;R4,出版业,
600331,宏达股份,2014,35,2,R3;R4,农药化肥,0.0
600871,石化油服,2015,35,2,R3;R4,石油开采,
300417,南华仪器,2023,35,2,R1;R5,电器仪表,1.0
600777,新潮能源,2017,35,2,R1;R5,石油开采,
300076,GQY视讯,2018,35,2,R1;R5,IT设备,
300076,GQY视讯,2017,35,2,R1;R5,IT设备,
300467,迅游科技,2019,35,2,R1;R5,互联网,1.0
300411,金盾股份,2019,35,2,R1;R5,专用机械,
600793,ST 宜纸,2012,35,2,R3;R4,造纸,
300461,田中精机,2024,35,2,R1;R5,专用机械,
600793,宜宾纸业,2022,35,2,R3;R4,造纸,
603959,ST 百利,2023,35,2,R3;R4,建筑工程,1.0
600806,*ST 昆机,2016,35,2,R1;R5,未分类,
600423,柳化股份,2015,35,2,R3;R4,农药化肥,
300118,东方日升,2023,35,2,R3;R4,电气设备,
600804,鹏博士,2016,35,2,R3;R4,未分类,
300431,暴风集团,2019,35,2,R3;R4,未分类,1.0
300449,汉邦高科,2025,35,2,R1;R5,IT设备,
300071,*ST 嘉信,2020,35,2,R3;R4,广告包装,
600828,茂业商业,2017,35,2,R3;R4,百货,
300078,思创医惠,2022,35,2,R1;R5,软件服务,1.0
300489,光智科技,2020,35,2,R1;R5,专用机械,
300080,易成新能,2018,35,2,R1;R5,电气设备,
600760,中航黑豹,2014,35,2,R3;R4,航空,1.0
300521,爱司凯,2023,35,2,R1;R5,专用机械,
300356,ST 光一,2021,35,2,R1;R5,未分类,
300356,光一科技,2018,35,2,R1;R5,未分类,
688027,国盾量子,2023,35,2,R1;R5,通信设备,
600766,退市园城,2021,35,2,R1;R5,未分类,1.0
300081,恒信东方,2022,35,2,R1;R5,文教休闲,
300506,*ST 名家,2023,35,2,R1;R5,建筑工程,1.0
300503,昊志机电,2020,35,2,R1;R5,机械基件,1.0
600381,青海春天,2022,35,2,R1;R5,医疗保健,1.0
300081,恒信东方,2021,35,2,R1;R5,文教休闲,
688004,博汇科技,2023,35,2,R1;R5,软件服务,1.0
300365,恒华科技,2023,35,2,R1;R5,软件服务,
600847,万里股份,2016,35,2,R1;R5,电气设备,
600767,*ST 运盛,2016,35,2,R1;R5,未分类,
300330,华虹计通,2017,35,2,R1;R5,未分类,
688086,*ST 紫晶,2022,35,2,R1;R5,未分类,
300326,ST 凯利,2021,35,2,R1;R5,医疗保健,0.0
300273,*ST 和佳,2022,35,2,R1;R5,未分类,
300269,ST 联建,2022,35,2,R3;R4,元器件,
600671,天目药业,2017,35,2,R3;R4,中成药,0.0
301024,霍普股份,2023,35,2,R1;R5,建筑工程,1.0
600290,*ST 华仪,2019,35,2,R1;R5,未分类,1.0
688152,麒麟信安,2024,35,2,R1;R5,软件服务,
300985,致远新能,2023,35,2,R1;R5,汽车配件,1.0
600290,*ST 华仪,2017,35,2,R1;R5,未分类,1.0
300050,世纪鼎利,2022,35,2,R1;R5,通信设备,1.0
300268,万福生科,2009,35,2,R3;R4,农业综合,
600289,ST 信通,2023,35,2,R1;R5,软件服务,
300275,梅安森,2017,35,2,R1;R5,工程机械,
600289,ST 信通,2021,35,2,R1;R5,软件服务,1.0
300282,*ST 三盛,2022,35,2,R1;R5,未分类,
300287,飞利信,2019,35,2,R1;R5,软件服务,0.0
600690,青岛海尔,2017,35,2,R3;R4,家用电器,
300878,维康药业,2024,35,2,R1;R5,中成药,
600381,ST 春天,2024,35,2,R1;R5,医疗保健,
600671,ST 目药,2018,35,2,R3;R4,中成药,1.0
600691,阳煤化工,2016,35,2,R3;R4,农药化肥,0.0
600656,*ST 博元,2015,35,2,R3;R4,未分类,
300104,乐视网,2018,35,2,R3;R4,未分类,
300256,*ST 星星,2021,35,2,R3;R4,元器件,
301357,北方长龙,2025,35,2,R1;R5,专用机械,1.0
603718,海利生物,2021,35,2,R1;R5,农业综合,
600381,*ST 春天,2025,35,2,R1;R5,医疗保健,
301313,凡拓数创,2025,35,2,R1;R5,文教休闲,
301213,观想科技,2024,35,2,R1;R5,软件服务,1.0
688184,帕瓦股份,2024,35,2,R1;R5,电气设备,
603789,星光农机,2021,35,2,R1;R5,农用机械,
600321,正源股份,2016,35,2,R1;R5,未分类,
688177,百奥泰,2021,35,2,R1;R5,生物制药,1.0
600656,退市博元,2011,35,2,R3;R4,未分类,1.0
600385,ST 金泰,2018,35,2,R1;R5,未分类,
603778,乾景园林,2022,35,2,R1;R5,电气设备,
603789,*ST 星农,2023,35,2,R1;R5,农用机械,1.0
300044,*ST 赛为,2020,35,2,R1;R5,软件服务,1.0
300287,飞利信,2021,35,2,R1;R5,软件服务,
600246,万通发展,2023,35,2,R1;R5,区域地产,
300859,*ST 西域,2021,35,2,R1;R5,旅游服务,
600984,建设机械,2015,35,2,R1;R5,工程机械,1.0
300853,申昊科技,2023,35,2,R1;R5,专用机械,1.0
300312,邦讯技术,2018,35,2,R1;R5,未分类,
300051,三五互联,2019,35,2,R1;R5,综合类,1.0
600319,亚星化学,2011,35,2,R3;R4,化工原料,
300730,科创信息,2024,35,2,R1;R5,软件服务,
300317,珈伟新能,2020,35,2,R1;R5,电气设备,
600701,*ST 工新,2017,35,2,R1;R5,未分类,
600966,博汇纸业,2020,35,2,R3;R4,造纸,
300716,ST 泉为,2023,35,2,R3;R4,塑料,0.0
300317,珈伟新能,2025,35,2,R1;R5,电气设备,
300091,金通灵,2024,35,2,R1;R5,机械基件,
600896,退市海医,2022,35,2,R1;R5,未分类,0.0
300696,爱乐达,2025,35,2,R1;R5,航空,0.0
600896,览海医疗,2017,35,2,R1;R5,未分类,0.0
600892,宝诚股份,2015,35,2,R3;R4,互联网,
600892,大晟文化,2014,35,2,R3;R4,互联网,1.0
300325,德威退,2022,35,2,R3;R4,未分类,
600696,岩石股份,2017,35,2,R1;R5,未分类,1.0
603838,四通股份,2021,35,2,R1;R5,家居用品,1.0
603557,ST 起步,2021,35,2,R1;R5,服饰,
300297,蓝盾股份,2020,35,2,R1;R5,未分类,
300772,运达股份,2020,35,2,R3;R4,电气设备,
600988,赤峰黄金,2011,35,2,R3;R4,黄金,
600696,匹凸匹,2016,35,2,R1;R5,未分类,1.0
600694,大商股份,2012,35,2,R3;R4,百货,
300795,*ST 米奥,2021,35,2,R1;R5,文教休闲,
600691,阳煤化工,2021,35,2,R3;R4,农药化肥,0.0
600470,六国化工,2023,35,2,R3;R4,农药化肥,1.0
300297,蓝盾股份,2021,35,2,R1;R5,未分类,1.0
300097,智云股份,2023,35,2,R1;R5,专用机械,
600387,ST 海越,2021,30,1,R2,未分类,1.0
600415,小商品城,2017,30,2,R4;R5,商品城,1.0
600490,鹏欣资源,2011,30,1,R2,铜,0.0
600405,动力源,2018,30,1,R2,电气设备,
600366,宁波韵升,2023,30,1,R2,矿物制品,
600496,精工钢构,2019,30,1,R2,钢加工,0.0
600499,科达机电,2012,30,1,R2,专用机械,0.0
600368,五洲交通,2025,30,2,R4;R5,路桥,
600379,宝光股份,2017,30,1,R2,电气设备,
600462,*ST 九有,2017,30,1,R2,未分类,1.0
600477,杭萧钢构,2022,30,1,R2,钢加工,
600400,红豆股份,2019,30,1,R2,服饰,0.0
600455,博通股份,2022,30,2,R4;R5,文教休闲,
600387,*ST 海越,2023,30,1,R2,未分类,1.0
600477,杭萧钢构,2021,30,1,R2,钢加工,
300001,特锐德,2012,30,1,R2,电气设备,
600516,方大炭素,2007,30,2,R4;R5,矿物制品,
600527,江南高纤,2022,30,1,R2,化纤,
603300,华铁应急,2021,30,2,R4;R5,多元金融,
603329,上海雅仕,2019,30,1,R2,仓储物流,1.0
603331,百达精工,2018,30,1,R2,专用机械,
603339,四方科技,2022,30,1,R2,专用机械,
603356,华菱精工,2022,30,1,R2,运输设备,1.0
603377,东方时尚,2021,30,2,R4;R5,汽车服务,
603388,ST 元成,2020,30,1,R2,未分类,1.0
603396,金辰股份,2021,30,1,R2,专用机械,
603520,司太立,2019,30,2,R4;R5,化学制药,
603555,ST 贵人,2022,30,1,R2,未分类,0.0
603567,珍宝岛,2023,30,1,R2,中成药,
603595,东尼电子,2023,30,1,R2,元器件,
603612,索通发展,2023,30,1,R2,矿物制品,0.0
603617,君禾股份,2022,30,1,R2,机械基件,1.0
603665,康隆达,2021,30,1,R2,服饰,
603690,至纯科技,2018,30,1,R2,半导体,
603707,健友股份,2020,30,1,R2,生物制药,
603282,亚光股份,2024,30,1,R2,专用机械,0.0
603278,大业股份,2021,30,1,R2,钢加工,1.0
603196,日播时尚,2023,30,1,R2,服饰,
603035,常熟汽饰,2020,30,2,R4;R5,汽车配件,0.0
601828,美凯龙,2018,30,2,R4;R5,其他商业,
601890,亚星锚链,2012,30,1,R2,船舶,
603003,龙宇燃油,2020,30,1,R2,未分类,
603007,ST 花王,2015,30,1,R2,建筑工程,0.0
603011,合锻智能,2023,30,1,R2,专用机械,1.0
603020,爱普股份,2019,30,1,R2,食品,1.0
603030,全筑股份,2018,30,1,R2,装修装饰,
603038,华立股份,2022,30,1,R2,家居用品,
603169,兰石重装,2016,30,1,R2,专用机械,
603042,华脉科技,2018,30,1,R2,通信设备,1.0
603050,科林电气,2022,30,1,R2,电气设备,
603076,乐惠国际,2022,30,1,R2,专用机械,
603077,和邦生物,2015,30,2,R4;R5,化工原料,0.0
603078,江化微,2022,30,1,R2,半导体,0.0
603088,宁波精达,2016,30,1,R2,机床制造,
603109,神驰机电,2022,30,1,R2,电气设备,
603729,龙韵股份,2018,30,1,R2,广告包装,1.0
603759,海天股份,2022,30,2,R4;R5,水务,1.0
603829,洛凯股份,2021,30,1,R2,电气设备,0.0
688309,*ST 恒誉,2020,30,1,R2,环境保护,0.0
688151,华强科技,2021,30,1,R2,医疗保健,1.0
688159,有方科技,2019,30,1,R2,通信设备,1.0
688186,广大特材,2021,30,1,R2,特种钢,
688225,亚信安全,2023,30,1,R2,软件服务,
688260,昀冢科技,2022,30,1,R2,元器件,1.0
688288,鸿泉技术,2026,30,1,R2,IT设备,
688296,和达科技,2023,30,1,R2,软件服务,
688335,复洁环保,2024,30,1,R2,环境保护,
688086,*ST 紫晶,2017,30,1,R2,未分类,1.0
688418,震有科技,2020,30,1,R2,通信设备,1.0
688560,明冠新材,2022,30,1,R2,电气设备,
688565,力源科技,2022,30,1,R2,环境保护,
688593,新相微,2023,30,1,R2,半导体,
688596,正帆科技,2021,30,1,R2,专用机械,1.0
688619,罗普特,2020,30,1,R2,软件服务,1.0
688701,卓锦股份,2022,30,1,R2,环境保护,
688115,思林杰,2022,30,1,R2,电器仪表,1.0
688078,龙软科技,2024,30,1,R2,软件服务,
603856,东宏股份,2022,30,1,R2,塑料,
603991,至正股份,2019,30,1,R2,半导体,1.0
603895,天永智能,2019,30,1,R2,专用机械,1.0
603895,天永智能,2022,30,1,R2,专用机械,
603900,莱绅通灵,2022,30,1,R2,服饰,
603909,合诚股份,2019,30,1,R2,建筑工程,
603918,金桥信息,2019,30,1,R2,软件服务,
603978,深圳新星,2022,30,1,R2,小金属,
603985,恒润股份,2023,30,1,R2,电气设备,0.0
603995,甬金股份,2019,30,2,R4;R5,特种钢,0.0
688063,派能科技,2022,30,1,R2,电气设备,
603996,退市中新,2018,30,1,R2,未分类,1.0
605001,威奥股份,2020,30,1,R2,运输设备,
605008,长鸿高科,2022,30,1,R2,橡胶,
605122,四方新材,2022,30,1,R2,水泥,0.0
605208,永茂泰,2022,30,1,R2,铝,
688005,容百科技,2019,30,1,R2,电气设备,
688051,佳华科技,2021,30,1,R2,软件服务,
601619,嘉泽新能,2023,30,2,R4;R5,新型电力,
601311,骆驼股份,2018,30,1,R2,电气设备,
601258,庞大集团,2021,30,1,R2,未分类,
600725,云维股份,2024,30,1,R2,商贸代理,1.0
600680,上海普天,2014,30,1,R2,未分类,1.0
600687,*ST 刚泰,2016,30,1,R2,未分类,1.0
600687,刚泰控股,2018,30,1,R2,未分类,1.0
600687,华盛达,2006,30,1,R2,未分类,1.0
600692,亚通股份,2022,30,1,R2,区域地产,1.0
600693,东百集团,2014,30,1,R2,百货,
600693,东百集团,2015,30,1,R2,百货,
600734,ST 实达,2018,30,1,R2,软件服务,1.0
600678,ST 金顶,2009,30,2,R4;R5,水泥,1.0
600738,丽尚国潮,2023,30,2,R4;R5,百货,
600747,*ST 大控,2014,30,1,R2,未分类,
600749,西藏旅游,2014,30,2,R4;R5,旅游景点,
600753,*ST 海钦,2018,30,1,R2,商贸代理,1.0
600759,洲际油气,2016,30,2,R4;R5,石油开采,1.0
600759,洲际油气,2017,30,2,R4;R5,石油开采,
600764,中电广通,2015,30,1,R2,船舶,1.0
600679,上海凤凰,2019,30,1,R2,文教休闲,1.0
600671,天目药业,2012,30,1,R2,中成药,1.0
600776,东方通信,2010,30,1,R2,通信设备,0.0
600593,大连圣亚,2020,30,2,R4;R5,旅游景点,
600536,中国软件,2011,30,1,R2,软件服务,
600539,狮头股份,2022,30,1,R2,互联网,
600545,卓郎智能,2019,30,1,R2,纺织机械,1.0
600545,卓郎智能,2020,30,1,R2,纺织机械,1.0
600556,天下秀,2021,30,1,R2,互联网,1.0
600577,精达股份,2011,30,1,R2,电气设备,1.0
600593,*ST 圣亚,2019,30,2,R4;R5,旅游景点,1.0
600598,北大荒,2011,30,1,R2,种植业,1.0
600661,昂立教育,2023,30,1,R2,文教休闲,
600599,*ST 熊猫,2023,30,1,R2,未分类,1.0
600602,云赛智联,2015,30,1,R2,软件服务,
600645,中源协和,2017,30,2,R4;R5,医疗保健,
600654,*ST 中安,2014,30,1,R2,仓储物流,
600654,ST 中安,2017,30,1,R2,仓储物流,
600654,中安消,2016,30,1,R2,仓储物流,1.0
600655,豫园股份,2022,30,1,R2,百货,
600765,中航重机,2010,30,1,R2,航空,
600777,新潮能源,2019,30,2,R4;R5,石油开采,
601258,ST 庞大,2020,30,1,R2,未分类,
601015,陕西黑猫,2015,30,1,R2,焦炭加工,1.0
600986,浙文互联,2021,30,1,R2,互联网,0.0
600996,贵广网络,2019,30,2,R4;R5,影视音像,0.0
600996,贵广网络,2020,30,2,R4;R5,影视音像,
601011,宝泰隆,2017,30,2,R4;R5,焦炭加工,1.0
601011,宝泰隆,2018,30,2,R4;R5,焦炭加工,
601011,宝泰隆,2022,30,2,R4;R5,焦炭加工,1.0
601012,隆基股份,2012,30,1,R2,电气设备,
601020,华钰矿业,2019,30,2,R4;R5,铅锌,
600891,秋林集团,2015,30,1,R2,未分类,
601028,玉龙股份,2014,30,1,R2,未分类,
601028,玉龙股份,2023,30,1,R2,未分类,
601038,一拖股份,2018,30,1,R2,农用机械,1.0
601118,海南橡胶,2011,30,1,R2,橡胶,1.0
601118,海南橡胶,2015,30,1,R2,橡胶,
601188,龙江交通,2010,30,2,R4;R5,路桥,
601218,吉鑫科技,2012,30,1,R2,电气设备,1.0
600956,新天绿能,2025,30,2,R4;R5,供气供热,
600891,*ST 秋林,2018,30,1,R2,未分类,
600777,新潮能源,2020,30,2,R4;R5,石油开采,0.0
600826,兰生股份,2014,30,1,R2,文教休闲,
600794,保税科技,2021,30,1,R2,仓储物流,
600797,浙大网新,2018,30,1,R2,软件服务,1.0
600803,新奥股份,2013,30,1,R2,供气供热,0.0
600365,ST 通葡,2017,30,1,R2,互联网,
600806,*ST 昆机,2014,30,1,R2,未分类,1.0
600815,*ST 厦工,2015,30,1,R2,工程机械,
600818,中路股份,2024,30,1,R2,文教休闲,1.0
600828,茂业商业,2022,30,2,R4;R5,百货,1.0
600884,杉杉股份,2016,30,1,R2,电气设备,
600830,香溢融通,2015,30,1,R2,多元金融,1.0
600831,ST 广网,2022,30,2,R4;R5,影视音像,
600850,电科数字,2025,30,1,R2,软件服务,
600856,中天能源,2017,30,2,R4;R5,未分类,
600863,内蒙华电,2006,30,2,R4;R5,火力发电,1.0
600864,哈投股份,2010,30,2,R4;R5,证券,0.0
600877,声光电科,2022,30,1,R2,半导体,1.0
600366,宁波韵升,2018,30,1,R2,矿物制品,
600316,洪都航空,2017,30,1,R2,航空,
688711,宏微科技,2022,30,1,R2,半导体,0.0
600074,*ST 保千,2017,30,1,R2,未分类,
300262,巴安水务,2012,30,1,R2,未分类,
300257,开山股份,2021,30,2,R4;R5,机械基件,0.0
300256,星星科技,2016,30,1,R2,元器件,
300247,乐金健康,2018,30,1,R2,医疗保健,
300242,佳云科技,2017,30,1,R2,互联网,
300237,美晨生态,2018,30,1,R2,汽车配件,
600074,退市保千,2016,30,1,R2,未分类,1.0
600100,同方股份,2021,30,1,R2,IT设备,
600077,宋都股份,2006,30,1,R2,未分类,1.0
300237,美晨生态,2016,30,1,R2,汽车配件,1.0
300236,上海新阳,2016,30,1,R2,半导体,
600086,东方金钰,2017,30,1,R2,未分类,
600093,退市易见,2016,30,1,R2,未分类,1.0
600099,林海股份,2015,30,1,R2,汽车整车,
300266,兴源环境,2017,30,1,R2,环境保护,1.0
300270,中威电子,2018,30,1,R2,IT设备,
300279,和晶科技,2018,30,1,R2,元器件,
300280,紫天科技,2023,30,1,R2,未分类,1.0
300293,蓝英装备,2015,30,2,R4;R5,专用机械,
300299,富春股份,2015,30,1,R2,互联网,
600006,东风汽车,2015,30,1,R2,汽车整车,
600006,东风汽车,2014,30,1,R2,汽车整车,
301439,泓淋电力,2024,30,1,R2,电气设备,
301336,趣睡科技,2023,30,1,R2,家居用品,
301317,鑫磊股份,2025,30,1,R2,机械基件,
300310,宜通世纪,2014,30,1,R2,通信设备,
301212,联盛化学,2023,30,1,R2,化工原料,
300313,天山生物,2018,30,2,R4;R5,农业综合,
300317,珈伟新能,2015,30,1,R2,电气设备,1.0
301152,天力锂能,2023,30,1,R2,小金属,
301152,天力锂能,2022,30,1,R2,小金属,1.0
600099,林海股份,2020,30,1,R2,汽车整车,
300226,上海钢联,2012,30,1,R2,互联网,0.0
301099,雅创电子,2023,30,1,R2,元器件,
600168,武汉控股,2019,30,2,R4;R5,水务,1.0
300185,通裕重工,2023,30,1,R2,工程机械,1.0
600152,维科技术,2019,30,1,R2,电气设备,1.0
600156,华升股份,2012,30,1,R2,纺织,1.0
300178,腾邦国际,2019,30,1,R2,未分类,
300174,元力股份,2013,30,1,R2,化工原料,
300170,汉得信息,2017,30,1,R2,软件服务,
300169,天晟新材,2017,30,1,R2,塑料,0.0
300224,正海磁材,2017,30,1,R2,矿物制品,1.0
300168,万达信息,2018,30,1,R2,软件服务,
600172,黄河旋风,2020,30,2,R4;R5,矿物制品,1.0
600172,黄河旋风,2023,30,2,R4;R5,矿物制品,
600175,退市美都,2016,30,1,R2,未分类,0.0
300167,迪威迅,2017,30,1,R2,软件服务,
600185,格力地产,2007,30,1,R2,旅游服务,0.0
300187,永清环保,2018,30,1,R2,环境保护,
300189,神农科技,2017,30,1,R2,种植业,0.0
600145,*ST 新亿,2018,30,1,R2,未分类,1.0
300197,铁汉生态,2013,30,1,R2,环境保护,
300198,纳川股份,2014,30,1,R2,塑料,
300198,纳川股份,2018,30,1,R2,塑料,
300198,纳川股份,2020,30,2,R4;R5,塑料,
300201,海伦哲,2017,30,1,R2,工程机械,
300536,农尚环境,2023,30,1,R2,建筑工程,
300201,海伦哲,2022,30,1,R2,工程机械,
300203,聚光科技,2012,30,1,R2,电器仪表,
300207,欣旺达,2014,30,1,R2,电气设备,
600120,浙江东方,2013,30,1,R2,多元金融,1.0
300209,天泽信息,2019,30,1,R2,互联网,
600111,包钢稀土,2010,30,1,R2,小金属,
600107,ST 尔雅,2022,30,1,R2,服饰,1.0
600105,永鼎股份,2012,30,1,R2,通信设备,0.0
301131,聚赛龙,2023,30,1,R2,塑料,1.0
300317,珈伟股份,2012,30,1,R2,电气设备,
300158,振东制药,2014,30,1,R2,化学制药,0.0
300647,超频三,2023,30,1,R2,化工原料,
300604,长川科技,2020,30,1,R2,半导体,
300604,长川科技,2022,30,1,R2,半导体,1.0
300605,恒锋信息,2018,30,1,R2,软件服务,
300410,正业科技,2018,30,1,R2,专用机械,
300409,道氏技术,2023,30,1,R2,电气设备,1.0
300635,达安股份,2018,30,1,R2,建筑工程,
300663,科蓝软件,2021,30,1,R2,软件服务,
300372,欣泰电气,2015,30,1,R2,未分类,
300405,科隆股份,2018,30,1,R2,化工原料,1.0
300664,鹏鹞环保,2020,30,1,R2,环境保护,
300665,飞鹿股份,2019,30,1,R2,染料涂料,
300681,英搏尔,2022,30,1,R2,汽车配件,
300681,英搏尔,2023,30,1,R2,汽车配件,
300381,溢多利,2018,30,1,R2,化学制药,
300427,*ST 红相,2023,30,1,R2,电气设备,
300430,诚益通,2017,30,1,R2,电器仪表,
300449,汉邦高科,2018,30,1,R2,IT设备,1.0
300455,康拓红外,2017,30,1,R2,IT设备,
300459,汤姆猫,2023,30,2,R4;R5,互联网,
300587,天铁股份,2020,30,1,R2,橡胶,
300587,天铁股份,2018,30,1,R2,橡胶,0.0
300462,华铭智能,2021,30,1,R2,IT设备,1.0
300571,平治信息,2020,30,1,R2,互联网,1.0
300569,天能重工,2020,30,1,R2,电气设备,
300472,新元科技,2018,30,2,R4;R5,专用机械,
300561,汇金科技,2019,30,1,R2,软件服务,1.0
300560,中富通,2020,30,1,R2,通信设备,
300480,光力科技,2024,30,1,R2,专用机械,
300490,华自科技,2022,30,1,R2,专用机械,1.0
300510,金冠股份,2023,30,1,R2,电气设备,
300527,中船应急,2022,30,1,R2,专用机械,
300380,安硕信息,2022,30,1,R2,软件服务,
300370,安控科技,2018,30,1,R2,电器仪表,
301040,中环海陆,2023,30,1,R2,机械基件,
300330,华虹计通,2021,30,1,R2,未分类,
300889,爱克股份,2021,30,1,R2,电气设备,
300344,立方数科,2022,30,1,R2,未分类,
300901,中胤时尚,2023,30,1,R2,服饰,
300334,津膜科技,2017,30,1,R2,专用机械,
300903,科翔股份,2023,30,1,R2,元器件,
300332,天壕环境,2017,30,2,R4;R5,供气供热,1.0
300937,药易购,2022,30,1,R2,医药商业,
300707,威唐工业,2022,30,1,R2,汽车配件,
300325,德威新材,2018,30,1,R2,未分类,
300325,德威新材,2017,30,1,R2,未分类,
300959,线上线下,2024,30,1,R2,电信运营,1.0
300988,津荣天宇,2024,30,1,R2,机械基件,
300998,宁波方正,2023,30,1,R2,专用机械,
301022,海泰科,2024,30,1,R2,专用机械,
300348,长亮科技,2017,30,1,R2,软件服务,
300872,天阳科技,2022,30,1,R2,软件服务,
300844,山水比德,2022,30,1,R2,建筑工程,
300836,佰奥智能,2021,30,1,R2,专用机械,
300806,斯迪克,2024,30,2,R4;R5,塑料,
300798,锦鸡股份,2023,30,1,R2,染料涂料,
300780,德恩精工,2022,30,1,R2,机械基件,
300348,长亮科技,2018,30,1,R2,软件服务,
300353,东土科技,2024,30,1,R2,通信设备,0.0
300355,蒙草生态,2015,30,1,R2,环境保护,
300358,楚天科技,2016,30,1,R2,医疗保健,
300358,楚天科技,2017,30,1,R2,医疗保健,1.0
300359,全通教育,2017,30,1,R2,文教休闲,
300730,科创信息,2023,30,1,R2,软件服务,
300368,汇金股份,2020,30,1,R2,IT设备,
300715,凯伦股份,2021,30,1,R2,其他建材,1.0
300709,精研科技,2021,30,1,R2,元器件,
300165,天瑞仪器,2019,30,1,R2,电器仪表,
300535,达威股份,2019,30,1,R2,化工原料,
600321,*ST 正源,2015,30,2,R4;R5,未分类,1.0
600330,天通股份,2021,30,1,R2,专用机械,0.0
300020,银江股份,2018,30,1,R2,软件服务,1.0
300113,顺网科技,2021,30,1,R2,互联网,
300116,保力新,2020,30,1,R2,未分类,
300093,金刚玻璃,2018,30,1,R2,电气设备,
600257,大湖股份,2007,30,2,R4;R5,渔业,
600330,天通股份,2016,30,1,R2,专用机械,
300117,嘉寓股份,2017,30,1,R2,未分类,
300120,经纬辉开,2014,30,1,R2,元器件,
600302,标准股份,2021,30,1,R2,纺织机械,1.0
300020,银江股份,2012,30,1,R2,软件服务,1.0
600257,大湖股份,2019,30,1,R2,渔业,
300020,ST 银江,2021,30,1,R2,软件服务,1.0
300120,经纬辉开,2023,30,1,R2,元器件,
300092,科新机电,2017,30,1,R2,专用机械,
600207,安彩高科,2014,30,1,R2,电气设备,
600206,有研新材,2015,30,1,R2,半导体,
300110,华仁药业,2021,30,1,R2,化学制药,1.0
600321,国栋建设,2011,30,2,R4;R5,未分类,1.0
600343,航天动力,2017,30,1,R2,机械基件,1.0
300042,朗科科技,2020,30,1,R2,IT设备,
600248,陕西建工,2020,30,1,R2,建筑工程,1.0
600256,广汇能源,2020,30,2,R4;R5,石油开采,
600256,广汇能源,2021,30,2,R4;R5,石油开采,1.0
600247,成城股份,2012,30,1,R2,未分类,
300096,易联众,2018,30,1,R2,软件服务,
600247,成城股份,2011,30,1,R2,未分类,0.0
600311,荣华实业,2008,30,2,R4;R5,未分类,
300038,数知科技,2015,30,1,R2,未分类,0.0
300025,华星创业,2012,30,1,R2,通信设备,
300038,ST 数知,2020,30,1,R2,未分类,1.0
300106,西部牧业,2015,30,1,R2,乳制品,
300108,吉药控股,2019,30,2,R4;R5,未分类,
600238,ST 椰岛,2019,30,1,R2,红黄酒,
600236,桂冠电力,2010,30,2,R4;R5,水力发电,1.0
600234,科新发展,2022,30,1,R2,装修装饰,1.0
300056,中创环保,2021,30,1,R2,环境保护,
600338,西藏珠峰,2021,30,2,R4;R5,铅锌,
300093,金刚光伏,2019,30,1,R2,电气设备,1.0
600302,标准股份,2019,30,1,R2,纺织机械,
600300,ST 维维,2016,30,1,R2,软饮料,1.0
300063,天龙集团,2015,30,1,R2,互联网,
300008,天海防务,2018,30,1,R2,船舶,1.0
600199,金种子酒,2019,30,1,R2,白酒,
300081,恒信移动,2013,30,1,R2,文教休闲,
600358,国旅联合,2021,30,1,R2,广告包装,
300152,科融环境,2016,30,1,R2,环境保护,1.0
300153,科泰电源,2013,30,1,R2,电气设备,1.0
300156,神雾环保,2018,30,1,R2,未分类,
300008,天海防务,2017,30,1,R2,船舶,1.0
600192,长城电工,2008,30,1,R2,电气设备,1.0
600190,锦州港,2021,30,2,R4;R5,未分类,1.0
600190,ST 锦港,2022,30,2,R4;R5,未分类,1.0
300064,*ST 金刚,2016,30,2,R4;R5,未分类,1.0
600358,国旅联合,2022,30,1,R2,广告包装,
300008,天海防务,2013,30,1,R2,船舶,0.0
600275,武昌鱼,2015,30,2,R4;R5,未分类,
300065,海兰信,2022,30,1,R2,船舶,
300147,香雪制药,2017,30,2,R4;R5,中成药,1.0
300102,乾照光电,2017,30,1,R2,半导体,0.0
300083,创世纪,2017,30,1,R2,机床制造,1.0
600354,敦煌种业,2012,30,1,R2,种植业,
300132,青松股份,2010,30,1,R2,化工原料,
600352,浙江龙盛,2010,30,1,R2,染料涂料,
300091,金通灵,2018,30,1,R2,机械基件,1.0
300008,天海防务,2022,30,1,R2,船舶,
600259,广晟有色,2017,30,1,R2,小金属,1.0
300063,天龙集团,2011,30,1,R2,互联网,1.0
600200,江苏吴中,2020,30,1,R2,未分类,
300090,盛运环保,2014,30,2,R4;R5,未分类,
300063,天龙集团,2018,25,1,R1,互联网,1.0
688030,山石网科,2023,25,1,R1,软件服务,
300051,三五互联,2013,25,1,R1,综合类,
300069,金利华电,2023,25,1,R1,电气设备,
300337,银邦股份,2019,25,1,R1,铝,
300052,中青宝,2022,25,1,R1,互联网,
300351,永贵电器,2020,25,1,R1,运输设备,1.0
300350,华鹏飞,2019,25,1,R1,仓储物流,
300331,苏大维格,2023,25,1,R1,元器件,
300339,润和软件,2020,25,1,R1,软件服务,
300343,联创股份,2019,25,1,R1,化工原料,
300056,三维丝,2017,25,1,R1,环境保护,1.0
605388,均瑶健康,2025,25,1,R1,乳制品,
300325,德威新材,2019,25,1,R1,未分类,
600866,星湖科技,2018,25,1,R1,饲料,
300337,银邦股份,2016,25,1,R1,铝,
300343,联创股份,2021,25,1,R1,化工原料,
300062,中能电气,2018,25,1,R1,电气设备,
688005,容百科技,2026,25,1,R1,电气设备,
300338,开元股份,2020,25,1,R1,文教休闲,1.0
300328,宜安科技,2024,25,1,R1,小金属,
300056,中创环保,2020,25,1,R1,环境保护,
600889,南京化纤,2018,25,1,R1,机械基件,
688030,山石网科,2024,25,1,R1,软件服务,
300058,蓝色光标,2023,25,1,R1,广告包装,
300162,雷曼光电,2021,25,1,R1,元器件,1.0
688136,科兴制药,2023,25,1,R1,生物制药,1.0
300008,天海防务,2019,25,1,R1,船舶,
600806,昆明机床,2015,25,1,R1,未分类,
300427,红相股份,2024,25,1,R1,电气设备,
300434,金石亚药,2021,25,1,R1,化学制药,
300013,新宁物流,2020,25,1,R1,仓储物流,
688500,*ST 慧辰,2023,25,1,R1,互联网,
688521,芯原股份,2020,25,1,R1,半导体,
300460,惠伦晶体,2019,25,1,R1,元器件,1.0
300013,新宁物流,2016,25,1,R1,仓储物流,
688560,明冠新材,2024,25,1,R1,电气设备,1.0
300466,赛摩智能,2020,25,1,R1,电器仪表,
688368,晶丰明源,2023,25,1,R1,半导体,
300472,*ST 新元,2022,25,1,R1,专用机械,1.0
300472,新元科技,2021,25,1,R1,专用机械,
300478,杭州高新,2020,25,1,R1,塑料,
600775,南京熊猫,2024,25,1,R1,通信设备,
600773,西藏城投,2021,25,2,R3;R5,区域地产,
600771,ST 东盛,2007,25,2,R3;R5,中成药,1.0
300499,高澜股份,2024,25,1,R1,专用机械,
300006,莱美药业,2022,25,1,R1,化学制药,1.0
300004,南风股份,2019,25,1,R1,电气设备,
300018,中元股份,2019,25,1,R1,电气设备,1.0
300424,航新科技,2025,25,1,R1,航空,
300048,合康新能,2024,25,1,R1,电气设备,
600829,三精制药,2014,25,1,R1,医药商业,
688159,有方科技,2022,25,1,R1,通信设备,
300359,全通教育,2020,25,1,R1,文教休闲,1.0
600847,万里股份,2023,25,1,R1,电气设备,
688168,安博通,2023,25,1,R1,软件服务,1.0
600837,海通证券,2023,25,2,R3;R5,未分类,
600837,海通证券,2022,25,2,R3;R5,未分类,
300032,金龙机电,2019,25,1,R1,元器件,
300031,宝通科技,2023,25,1,R1,互联网,1.0
300324,旋极信息,2023,25,1,R1,软件服务,
688288,鸿泉技术,2025,25,1,R1,IT设备,0.0
300419,浩丰科技,2020,25,1,R1,软件服务,1.0
300392,腾信股份,2018,25,1,R1,未分类,
300022,吉峰科技,2025,25,1,R1,农用机械,1.0
600821,金开新能,2021,25,2,R3;R5,新型电力,
688299,长阳科技,2025,25,1,R1,元器件,
688306,均普智能,2024,25,1,R1,专用机械,
600818,中路股份,2023,25,1,R1,文教休闲,
600818,中路股份,2019,25,1,R1,文教休闲,
300410,正业科技,2020,25,1,R1,专用机械,
300412,迦南科技,2023,25,1,R1,医疗保健,0.0
603996,*ST 中新,2019,25,1,R1,未分类,1.0
300311,任子行,2017,25,1,R1,软件服务,
300324,旋极信息,2022,25,1,R1,软件服务,
601688,华泰证券,2015,25,2,R3;R5,证券,
601963,重庆银行,2022,25,2,R3;R5,银行,
300194,福安药业,2022,25,1,R1,化学制药,0.0
601881,中国银河,2019,25,2,R3;R5,证券,
300131,英唐智控,2014,25,1,R1,元器件,1.0
601878,浙商证券,2015,25,2,R3;R5,证券,
601798,蓝科高新,2023,25,1,R1,化工机械,
603555,ST 贵人,2023,25,1,R1,未分类,
601788,光大证券,2021,25,2,R3;R5,证券,
601788,光大证券,2015,25,2,R3;R5,证券,0.0
601688,华泰证券,2019,25,2,R3;R5,证券,
300201,海伦哲,2021,25,1,R1,工程机械,
601990,南京证券,2015,25,2,R3;R5,证券,
601688,华泰证券,2010,25,2,R3;R5,证券,
603559,ST 通脉,2022,25,1,R1,通信设备,
601599,浙文影业,2020,25,1,R1,纺织,
300205,天喻信息,2022,25,1,R1,通信设备,1.0
601558,ST 锐电,2019,25,2,R3;R5,未分类,
601555,东吴证券,2023,25,2,R3;R5,证券,
603602,纵横通信,2021,25,1,R1,通信设备,1.0
300211,亿通科技,2024,25,1,R1,通信设备,
300220,金运激光,2016,25,1,R1,专用机械,0.0
300220,金运激光,2021,25,1,R1,专用机械,
300132,青松股份,2022,25,1,R1,化工原料,
603421,鼎信通讯,2025,25,1,R1,通信设备,
300221,银禧科技,2019,25,1,R1,塑料,
603042,华脉科技,2024,25,1,R1,通信设备,0.0
603161,科华控股,2022,25,1,R1,汽车配件,1.0
603157,退市拉夏,2019,25,1,R1,未分类,
300163,先锋新材,2018,25,1,R1,家居用品,0.0
300163,先锋新材,2019,25,1,R1,家居用品,1.0
300163,先锋新材,2022,25,1,R1,家居用品,
300157,恒泰艾普,2018,25,1,R1,专用机械,1.0
300165,天瑞仪器,2023,25,1,R1,电器仪表,
300167,迪威迅,2018,25,1,R1,软件服务,1.0
300150,世纪瑞尔,2023,25,1,R1,软件服务,1.0
300169,天晟新材,2020,25,1,R1,塑料,
603042,华脉科技,2023,25,1,R1,通信设备,
603399,永杉锂业,2020,25,1,R1,小金属,
603042,华脉科技,2022,25,1,R1,通信设备,1.0
603042,华脉科技,2019,25,1,R1,通信设备,
603356,华菱精工,2024,25,1,R1,运输设备,
603389,亚振家居,2022,25,1,R1,家居用品,
300180,华峰超纤,2023,25,1,R1,化纤,1.0
300180,华峰超纤,2024,25,1,R1,化纤,
300140,中环装备,2020,25,1,R1,环境保护,1.0
603009,北特科技,2020,25,1,R1,汽车配件,
603003,龙宇燃油,2022,25,1,R1,未分类,
603003,龙宇燃油,2021,25,1,R1,未分类,
601377,兴业证券,2015,25,2,R3;R5,证券,
603608,*ST 天创,2022,25,1,R1,服饰,
603980,吉华集团,2023,25,1,R1,染料涂料,
300311,任子行,2020,25,1,R1,软件服务,1.0
300287,飞利信,2022,25,1,R1,软件服务,1.0
300287,飞利信,2023,25,1,R1,软件服务,
300292,吴通控股,2019,25,1,R1,互联网,
603839,安正时尚,2023,25,1,R1,服饰,
300299,富春股份,2020,25,1,R1,互联网,
603858,步长制药,2023,25,1,R1,中成药,
300301,长方集团,2017,25,1,R1,半导体,0.0
600984,ST 建机,2007,25,1,R1,工程机械,1.0
300092,科新机电,2016,25,1,R1,专用机械,
300163,ST 先锋,2024,25,1,R1,家居用品,
600969,郴电国际,2020,25,2,R3;R5,水力发电,
300281,金明精机,2023,25,1,R1,专用机械,
603879,ST 永悦,2023,25,1,R1,化工原料,
603922,金鸿顺,2020,25,1,R1,汽车配件,
600967,内蒙一机,2016,25,1,R1,运输设备,0.0
300082,奥克股份,2016,25,1,R1,化工原料,
300319,麦捷科技,2018,25,1,R1,元器件,
600928,西安银行,2021,25,2,R3;R5,银行,1.0
600918,中泰证券,2021,25,2,R3;R5,证券,
600909,华安证券,2020,25,2,R3;R5,证券,
300080,易成新能,2021,25,1,R1,电气设备,
603978,深圳新星,2023,25,1,R1,小金属,
601009,南京银行,2023,25,2,R3;R5,银行,
300093,金刚玻璃,2021,25,1,R1,电气设备,
603616,韩建河山,2018,25,1,R1,水泥,
603729,ST 龙韵,2021,25,1,R1,广告包装,
300222,科大智能,2022,25,1,R1,电气设备,
601328,交通银行,2019,25,2,R3;R5,银行,
300222,科大智能,2024,25,1,R1,电气设备,0.0
603716,塞力医疗,2022,25,1,R1,医药商业,
603716,塞力医疗,2024,25,1,R1,医药商业,
300104,乐视网,2017,25,1,R1,未分类,
601226,华电重工,2017,25,1,R1,建筑工程,
601211,国泰君安,2020,25,2,R3;R5,证券,
601211,国泰君安,2015,25,2,R3;R5,证券,
603729,ST 龙韵,2020,25,1,R1,广告包装,1.0
601198,东兴证券,2022,25,2,R3;R5,证券,
300280,*ST 紫天,2024,25,1,R1,未分类,
603729,龙韵股份,2023,25,1,R1,广告包装,
601169,北京银行,2016,25,2,R3;R5,银行,
300242,佳云科技,2021,25,1,R1,互联网,
300247,融捷健康,2021,25,1,R1,医疗保健,
603773,沃格光电,2022,25,1,R1,元器件,1.0
603779,威龙股份,2022,25,1,R1,红黄酒,1.0
300264,佳创视讯,2021,25,1,R1,软件服务,
601066,中信建投,2022,25,2,R3;R5,证券,
601012,隆基股份,2013,25,1,R1,电气设备,
300094,国联水产,2020,25,1,R1,渔业,1.0
601628,中国人寿,2015,25,2,R3;R5,保险,
600365,ST 通葡,2023,25,1,R1,互联网,1.0
600822,上海物贸,2009,25,2,R3;R5,汽车服务,1.0
600654,中安科,2023,25,1,R1,仓储物流,
301152,天力锂能,2024,25,1,R1,小金属,
301152,天力锂能,2025,25,1,R1,小金属,1.0
301169,零点有数,2024,25,1,R1,文教休闲,
301182,凯旺科技,2024,25,1,R1,元器件,
301228,实朴检测,2024,25,1,R1,电器仪表,
600303,ST 曙光,2022,25,1,R1,汽车整车,
600302,标准股份,2024,25,1,R1,纺织机械,1.0
300599,雄塑科技,2023,25,1,R1,塑料,
600302,标准股份,2020,25,1,R1,纺织机械,1.0
600653,申华控股,2020,25,1,R1,汽车服务,1.0
600030,中信证券,2019,25,2,R3;R5,证券,
600036,招商银行,2020,25,2,R3;R5,银行,
600408,*ST 安泰,2014,25,1,R1,焦炭加工,1.0
600291,西水股份,2016,25,2,R3;R5,未分类,
301060,兰卫医学,2024,25,1,R1,医疗保健,
301040,中环海陆,2024,25,1,R1,机械基件,
300947,德必集团,2024,25,2,R3;R5,房产服务,
600679,上海凤凰,2023,25,1,R1,文教休闲,
600680,*ST 上普,2013,25,1,R1,未分类,1.0
600682,南京新百,2019,25,1,R1,生物制药,
600695,绿庭投资,2015,25,1,R1,未分类,
300769,德方纳米,2024,25,1,R1,化工原料,
300757,罗博特科,2021,25,1,R1,专用机械,
300745,欣锐科技,2023,25,1,R1,汽车配件,
600699,均胜电子,2022,25,1,R1,汽车配件,
300719,安达维尔,2023,25,1,R1,航空,
300715,凯伦股份,2025,25,1,R1,其他建材,
600387,*ST 海越,2024,25,1,R1,未分类,1.0
600716,凤凰股份,2015,25,2,R3;R5,区域地产,
300635,中达安,2023,25,1,R1,建筑工程,1.0
600721,百花医药,2023,25,1,R1,生物制药,
600052,浙江广厦,2013,25,2,R3;R5,供气供热,0.0
600624,复旦复华,2024,25,1,R1,化学制药,
600069,*ST 银鸽,2019,25,1,R1,未分类,1.0
600157,永泰能源,2012,25,2,R3;R5,火力发电,1.0
600212,江泉实业,2015,25,1,R1,电气设备,
600520,中发科技,2008,25,1,R1,半导体,
600200,*ST 苏吴,2019,25,1,R1,未分类,1.0
600530,交大昂立,2023,25,1,R1,医疗保健,
600242,*ST 中昌,2011,25,2,R3;R5,未分类,1.0
600537,亿晶光电,2022,25,1,R1,电气设备,0.0
600242,*ST 中昌,2020,25,1,R1,未分类,1.0
600243,青海华鼎,2022,25,1,R1,运输设备,1.0
600539,狮头股份,2024,25,1,R1,互联网,
600185,格力地产,2016,25,2,R3;R5,旅游服务,0.0
600545,卓郎智能,2021,25,1,R1,纺织机械,
600545,卓郎智能,2022,25,1,R1,纺织机械,
600169,太原重工,2019,25,2,R3;R5,工程机械,0.0
600463,空港股份,2020,25,1,R1,园区开发,0.0
600146,*ST 环球,2019,25,1,R1,未分类,
600070,ST 富润,2021,25,1,R1,未分类,
600458,时代新材,2019,25,1,R1,塑料,
600571,信雅达,2018,25,1,R1,软件服务,
600575,皖江物流,2015,25,1,R1,火力发电,
600446,金证股份,2006,25,1,R1,软件服务,1.0
600589,广东榕泰,2020,25,1,R1,软件服务,
600435,中兵光电,2008,25,1,R1,专用机械,
600257,大湖股份,2020,25,1,R1,渔业,1.0
600594,益佰制药,2019,25,1,R1,中成药,
600119,长江投资,2022,25,1,R1,仓储物流,0.0
600599,*ST 熊猫,2019,25,1,R1,未分类,1.0
600599,熊猫烟花,2006,25,1,R1,未分类,
600100,同方股份,2022,25,1,R1,IT设备,
600079,人福医药,2019,25,1,R1,化学制药,0.0
600077,宋都股份,2021,25,2,R3;R5,未分类,
600727,*ST 鲁北,2009,25,1,R1,化工原料,
600030,中信证券,2023,25,2,R3;R5,证券,
600355,精伦电子,2016,25,1,R1,未分类,
600734,实达集团,2019,25,1,R1,软件服务,1.0
600326,西藏天路,2013,25,1,R1,水泥,
600736,苏州高新,2015,25,2,R3;R5,园区开发,
600358,国旅联合,2019,25,1,R1,广告包装,0.0
600376,首开股份,2022,25,2,R3;R5,区域地产,1.0
600748,上实发展,2023,25,2,R3;R5,全国地产,
600748,上实发展,2017,25,2,R3;R5,全国地产,1.0
600369,西南证券,2016,25,2,R3;R5,证券,
600378,天科股份,2007,25,1,R1,化工原料,
300594,朗进科技,2024,25,1,R1,运输设备,
300571,平治信息,2024,25,1,R1,互联网,
600325,华发股份,2021,25,2,R3;R5,区域地产,
600369,西南证券,2015,25,2,R3;R5,证券,
600376,首开股份,2023,25,2,R3;R5,区域地产,
300560,中富通,2024,25,1,R1,通信设备,1.0
600358,国旅联合,2020,25,1,R1,广告包装,
300551,古鳌科技,2023,25,1,R1,软件服务,
601212,白银有色,2020,20,1,R4,铜,1.0
600418,江淮汽车,2020,20,1,R4,汽车整车,
600634,中技控股,2015,20,1,R4,未分类,
603161,科华控股,2023,20,1,R4,汽车配件,
300261,雅本化学,2017,20,1,R4,农药化肥,
601101,昊华能源,2015,20,1,R4,煤炭开采,1.0
600740,山西焦化,2020,20,1,R4,焦炭加工,
600277,亿利洁能,2016,20,1,R4,未分类,
600063,皖维高新,2011,20,1,R4,化纤,0.0
601216,君正集团,2020,20,1,R4,化工原料,0.0
603936,博敏电子,2017,20,1,R4,元器件,
603936,博敏电子,2023,20,1,R4,元器件,0.0
600267,海正药业,2017,20,1,R4,化学制药,
600623,华谊集团,2026,20,1,R4,化工原料,
603166,福达股份,2015,20,1,R4,汽车配件,
601069,西部黄金,2017,20,1,R4,黄金,
600618,氯碱化工,2016,20,1,R4,化工原料,
600338,西藏珠峰,2022,20,1,R4,铅锌,
601069,西部黄金,2016,20,1,R4,黄金,
600277,亿利洁能,2021,20,1,R4,未分类,
600995,文山电力,2015,20,1,R4,水力发电,
600293,三峡新材,2022,20,1,R4,玻璃,
600401,退市海润,2016,20,1,R4,未分类,1.0
600010,包钢股份,2018,20,1,R4,普钢,
600010,包钢股份,2021,20,1,R4,普钢,
601000,唐山港,2015,20,1,R4,港口,
600403,大有能源,2023,20,1,R4,煤炭开采,1.0
605008,长鸿高科,2024,20,1,R4,橡胶,
600781,上海辅仁,2012,20,1,R4,未分类,0.0
600505,西昌电力,2015,20,1,R4,水力发电,
600172,黄河旋风,2015,20,1,R4,矿物制品,1.0
601010,文峰股份,2015,20,1,R4,百货,
601010,文峰股份,2022,20,1,R4,百货,
600537,亿晶光电,2009,20,1,R4,电气设备,
605007,五洲特纸,2024,20,1,R4,造纸,
600293,三峡新材,2011,20,1,R4,玻璃,1.0
600780,通宝能源,2011,20,1,R4,火力发电,0.0
601020,华钰矿业,2015,20,1,R4,铅锌,1.0
600537,亿晶光电,2012,20,1,R4,电气设备,
601020,华钰矿业,2020,20,1,R4,铅锌,0.0
300526,中潜股份,2019,20,1,R4,未分类,
601228,广州港,2017,20,1,R4,港口,1.0
601058,赛轮轮胎,2019,20,1,R4,汽车配件,
600267,海正药业,2008,20,1,R4,化学制药,0.0
603881,数据港,2017,20,1,R4,软件服务,0.0
601233,桐昆股份,2023,20,1,R4,化纤,1.0
603069,海汽集团,2016,20,1,R4,公共交通,0.0
600256,广汇能源,2022,20,1,R4,石油开采,
601918,国投新集,2012,20,1,R4,煤炭开采,
601918,新集能源,2022,20,1,R4,煤炭开采,
600141,兴发集团,2022,20,1,R4,农药化肥,
601966,玲珑轮胎,2017,20,1,R4,汽车配件,0.0
600461,洪城环境,2021,20,1,R4,水务,
300104,乐视网,2015,20,1,R4,未分类,1.0
300100,双林股份,2021,20,1,R4,汽车配件,
300511,雪榕生物,2020,20,1,R4,种植业,1.0
600567,山鹰国际,2022,20,1,R4,造纸,
603007,ST 花王,2016,20,1,R4,建筑工程,
600570,恒生电子,2022,20,1,R4,软件服务,
300182,捷成股份,2022,20,1,R4,影视音像,
600567,山鹰国际,2021,20,1,R4,造纸,1.0
600561,江西长运,2014,20,1,R4,公共交通,
300180,华峰超纤,2020,20,1,R4,化纤,1.0
600160,巨化股份,2010,20,1,R4,化工原料,
300176,派生科技,2023,20,1,R4,汽车配件,
300176,派生科技,2021,20,1,R4,汽车配件,1.0
600165,新日恒力,2010,20,1,R4,化工原料,
600166,福田汽车,2017,20,1,R4,汽车整车,
300511,雪榕生物,2018,20,1,R4,种植业,
600256,广汇能源,2023,20,1,R4,石油开采,1.0
600572,康恩贝,2007,20,1,R4,中成药,
603903,中持股份,2020,20,1,R4,环境保护,
600540,新赛股份,2020,20,1,R4,种植业,1.0
600423,柳化股份,2009,20,1,R4,农药化肥,1.0
600781,辅仁药业,2013,20,1,R4,未分类,1.0
601500,通用股份,2024,20,1,R4,汽车配件,
600774,汉商集团,2017,20,1,R4,化学制药,
600774,汉商集团,2014,20,1,R4,化学制药,1.0
600131,国网信通,2018,20,1,R4,通信设备,
600132,重庆啤酒,2009,20,1,R4,啤酒,
600132,重庆啤酒,2011,20,1,R4,啤酒,
600590,泰豪科技,2015,20,1,R4,通信设备,
600470,六国化工,2025,20,1,R4,农药化肥,
601636,旗滨集团,2015,20,1,R4,玻璃,
600470,*ST 六化,2018,20,1,R4,农药化肥,1.0
600438,通威股份,2007,20,1,R4,电气设备,0.0
600438,通威股份,2020,20,1,R4,电气设备,
600587,新华医疗,2017,20,1,R4,医疗保健,
600586,金晶科技,2021,20,1,R4,玻璃,0.0
600584,长电科技,2007,20,1,R4,半导体,
603101,汇嘉时代,2018,20,1,R4,百货,1.0
600768,宁波富邦,2008,20,1,R4,铝,
600756,浪潮软件,2015,20,1,R4,软件服务,
600179,*ST 安通,2017,20,1,R4,水运,1.0
600141,兴发集团,2015,20,1,R4,农药化肥,
600300,维维股份,2017,20,1,R4,软饮料,1.0
603225,新凤鸣,2021,20,1,R4,化纤,
600781,辅仁药业,2015,20,1,R4,未分类,1.0
600710,*ST 常林,2006,20,1,R4,商贸代理,1.0
600389,江山股份,2018,20,1,R4,农药化肥,
600729,重庆百货,2022,20,1,R4,百货,
300391,长药控股,2022,20,1,R4,未分类,
603363,傲农生物,2019,20,1,R4,饲料,
600804,*ST 鹏博,2012,20,1,R4,未分类,1.0
600318,新力金融,2015,20,1,R4,多元金融,1.0
600310,桂东电力,2012,20,1,R4,水力发电,
600221,海航控股,2018,20,1,R4,空运,1.0
600802,福建水泥,2014,20,1,R4,水泥,0.0
600873,梅花生物,2013,20,1,R4,食品,
300147,香雪制药,2020,20,1,R4,中成药,
600366,宁波韵升,2006,20,1,R4,矿物制品,
600714,金瑞矿业,2011,20,1,R4,化工原料,
300344,立方数科,2020,20,1,R4,未分类,1.0
300110,华仁药业,2016,20,1,R4,化学制药,
600821,津劝业,2015,20,1,R4,新型电力,
600821,津劝业,2010,20,1,R4,新型电力,
600711,盛屯矿业,2013,20,1,R4,小金属,1.0
300749,顶固集创,2017,20,1,R4,家居用品,1.0
600881,亚泰集团,2009,20,1,R4,综合类,1.0
600831,广电网络,2021,20,1,R4,影视音像,
600497,驰宏锌锗,2015,20,1,R4,铅锌,
600729,重庆百货,2024,20,1,R4,百货,
300733,西菱动力,2022,20,1,R4,汽车配件,1.0
300111,向日葵,2012,20,1,R4,化学制药,
600525,长园集团,2023,20,1,R4,电气设备,
300134,大富科技,2016,20,1,R4,通信设备,
600497,驰宏锌锗,2019,20,1,R4,铅锌,
300363,博腾股份,2018,20,1,R4,化学制药,
300363,博腾股份,2015,20,1,R4,化学制药,
603386,广东骏亚,2021,20,1,R4,元器件,
600387,海越能源,2019,20,1,R4,未分类,1.0
600699,均胜电子,2013,20,1,R4,汽车配件,0.0
600696,岩石股份,2024,20,1,R4,未分类,
600758,红阳能源,2018,20,1,R4,煤炭开采,1.0
605499,东鹏饮料,2025,20,1,R4,软饮料,
603386,广东骏亚,2019,20,1,R4,元器件,
300147,香雪制药,2010,20,1,R4,中成药,1.0
600231,凌钢股份,2019,20,1,R4,普钢,
603326,我乐家居,2023,20,1,R4,家居用品,
600331,宏达股份,2017,20,1,R4,农药化肥,
600671,天目药业,2014,20,1,R4,中成药,
300626,华瑞股份,2017,20,1,R4,电气设备,0.0
600319,亚星化学,2009,20,1,R4,化工原料,1.0
600306,商业城,2006,20,1,R4,未分类,
600812,华北制药,2020,20,1,R4,化学制药,0.0
301057,汇隆新材,2018,20,1,R4,化纤,
600321,国栋建设,2009,20,1,R4,未分类,
600395,盘江股份,2022,20,1,R4,煤炭开采,
600303,曙光股份,2013,20,1,R4,汽车整车,1.0
600794,保税科技,2009,20,1,R4,仓储物流,
600729,重庆百货,2010,20,1,R4,百货,0.0
603301,振德医疗,2018,20,1,R4,医疗保健,
300109,新开源,2019,20,1,R4,化工原料,
600785,新华百货,2016,20,1,R4,百货,
600532,*ST 华科,2008,20,1,R4,未分类,1.0
600785,新华百货,2015,20,1,R4,百货,
300118,东方日升,2021,20,1,R4,电气设备,
300526,中潜股份,2020,20,1,R4,未分类,1.0
600818,中路股份,2016,20,1,R4,文教休闲,0.0
600844,丹化科技,2018,20,1,R4,化工原料,
600719,大连热电,2014,20,1,R4,供气供热,
600678,四川金顶,2023,20,1,R4,水泥,
600802,福建水泥,2012,20,1,R4,水泥,
600682,南京新百,2018,20,1,R4,生物制药,1.0
600682,南京新百,2013,20,1,R4,生物制药,
300637,扬帆新材,2020,20,1,R4,化工原料,
600818,中路股份,2021,20,1,R4,文教休闲,1.0
600804,鹏博士,2017,20,1,R4,未分类,
600308,华泰股份,2016,20,1,R4,造纸,
300110,华仁药业,2015,20,1,R4,化学制药,
600308,华泰股份,2014,20,1,R4,造纸,1.0
600805,悦达投资,2007,20,1,R4,综合类,0.0
600678,*ST 金顶,2006,20,1,R4,水泥,
300967,晓鸣股份,2023,20,1,R4,农业综合,
600839,四川长虹,2021,15,1,R3,家用电器,
600153,建发股份,2022,15,1,R3,仓储物流,
601777,力帆股份,2010,15,1,R3,摩托车,
300001,特锐德,2017,15,1,R3,电气设备,1.0
603843,正平股份,2021,15,1,R3,建筑工程,1.0
600512,腾达建设,2015,15,1,R3,建筑工程,
600388,龙净环保,2019,15,1,R3,环境保护,
600556,ST 慧球,2014,15,1,R3,互联网,0.0
600388,ST 龙净,2021,15,1,R3,环境保护,1.0
600248,延长化建,2009,15,1,R3,建筑工程,
603093,南华期货,2022,15,1,R3,多元金融,
300117,嘉寓股份,2007,15,1,R3,未分类,1.0
300117,嘉寓股份,2021,15,1,R3,未分类,
600836,界龙实业,2015,15,1,R3,未分类,
600575,皖江物流,2011,15,1,R3,火力发电,1.0
600462,*ST 九有,2020,15,1,R3,未分类,1.0
600546,山煤国际,2011,15,1,R3,煤炭开采,
300368,ST 汇金,2022,15,1,R3,IT设备,
603173,福斯达,2023,15,1,R3,机械基件,
600086,东方金钰,2013,15,1,R3,未分类,
600528,中铁二局,2015,15,1,R3,运输设备,
600491,龙元建设,2012,15,1,R3,建筑工程,
600846,同济科技,2021,15,1,R3,建筑工程,
600039,四川路桥,2019,15,1,R3,建筑工程,0.0
603611,诺力股份,2024,15,1,R3,专用机械,0.0
600068,葛洲坝,2014,15,1,R3,未分类,
600686,金龙汽车,2014,15,1,R3,汽车整车,
600335,国机汽车,2020,15,1,R3,汽车服务,
600686,金龙汽车,2013,15,1,R3,汽车整车,1.0
600751,海航科技,2017,15,1,R3,水运,0.0
300904,威力传动,2023,15,1,R3,电气设备,
688306,均普智能,2022,15,1,R3,专用机械,0.0
600051,宁波联合,2016,15,1,R3,综合类,1.0
603177,德创环保,2023,15,1,R3,环境保护,
600260,凯乐科技,2019,15,1,R3,未分类,
600039,四川路桥,2021,15,1,R3,建筑工程,
600939,重庆建工,2016,15,1,R3,建筑工程,0.0
600133,东湖高新,2022,15,1,R3,环境保护,1.0
600388,龙净环保,2023,15,1,R3,环境保护,
300001,特锐德,2018,15,1,R3,电气设备,
601668,中国建筑,2015,15,1,R3,建筑工程,
300212,易华录,2011,15,1,R3,软件服务,
600260,凯乐科技,2018,15,1,R3,未分类,0.0
600793,宜宾纸业,2023,15,1,R3,造纸,
600133,东湖高新,2020,15,1,R3,环境保护,1.0
600853,龙建股份,2016,15,1,R3,建筑工程,
600853,龙建股份,2012,15,1,R3,建筑工程,1.0
601615,明阳智能,2021,15,1,R3,电气设备,
300109,新开源,2018,10,1,R5,化工原料,
300108,吉药控股,2018,10,1,R5,未分类,1.0
300109,新开源,2020,10,1,R5,化工原料,
603636,南威软件,2016,10,1,R5,软件服务,
300108,吉药控股,2017,10,1,R5,未分类,1.0
603580,艾艾精工,2024,10,1,R5,塑料,1.0
600366,宁波韵升,2017,10,1,R5,矿物制品,
600360,华微电子,2023,10,1,R5,半导体,
600246,万通发展,2022,10,1,R5,区域地产,
300105,龙源技术,2019,10,1,R5,环境保护,
300007,汉威电子,2016,10,1,R5,电器仪表,
600467,好当家,2012,10,1,R5,渔业,
600228,*ST 返利,2024,10,1,R5,互联网,
600360,华微电子,2021,10,1,R5,半导体,1.0
600225,*ST 卓朗,2023,10,1,R5,未分类,1.0
603718,海利生物,2018,10,1,R5,农业综合,
688287,*ST 观典,2024,10,1,R5,未分类,1.0
600368,五洲交通,2022,10,1,R5,路桥,1.0
600323,南海发展,2012,10,1,R5,环境保护,1.0
300020,ST 银江,2023,10,1,R5,软件服务,
300055,万邦达,2020,10,1,R5,石油加工,1.0
300054,鼎龙股份,2020,10,1,R5,化工原料,
300053,欧比特,2019,10,1,R5,半导体,
300053,欧比特,2018,10,1,R5,半导体,
300053,欧比特,2017,10,1,R5,半导体,
300053,欧比特,2016,10,1,R5,半导体,
688089,嘉必优,2023,10,1,R5,食品,1.0
688093,世华科技,2021,10,1,R5,化工原料,
600382,ST 广珠,2019,10,1,R5,普钢,0.0
300052,中青宝,2014,10,1,R5,互联网,
688137,近岸蛋白,2023,10,1,R5,生物制药,0.0
688137,近岸蛋白,2024,10,1,R5,生物制药,
600382,ST 广珠,2021,10,1,R5,普钢,1.0
300051,三五互联,2011,10,1,R5,综合类,
600252,中恒集团,2018,10,1,R5,中成药,
300050,世纪鼎利,2021,10,1,R5,通信设备,1.0
300050,世纪鼎利,2018,10,1,R5,通信设备,
300050,世纪鼎利,2017,10,1,R5,通信设备,1.0
300023,宝德股份,2015,10,1,R5,未分类,0.0
688166,博瑞医药,2023,10,1,R5,化学制药,
688167,炬光科技,2023,10,1,R5,元器件,
300044,*ST 赛为,2019,10,1,R5,软件服务,1.0
688198,佰仁医疗,2020,10,1,R5,医疗保健,
688233,神工股份,2021,10,1,R5,半导体,
600318,新力金融,2021,10,1,R5,多元金融,
300029,天龙光电,2015,10,1,R5,建筑工程,
688262,国芯科技,2022,10,1,R5,半导体,
688265,南模生物,2022,10,1,R5,医疗保健,1.0
300024,机器人,2020,10,1,R5,专用机械,
600393,粤泰股份,2019,10,1,R5,未分类,
688020,方邦股份,2022,10,1,R5,元器件,1.0
300059,东方财富,2016,10,1,R5,证券,0.0
300062,中能电气,2016,10,1,R5,电气设备,0.0
300101,振芯科技,2025,10,1,R5,通信设备,
300101,振芯科技,2019,10,1,R5,通信设备,
300099,精准信息,2021,10,1,R5,电器仪表,
300093,金刚玻璃,2017,10,1,R5,电气设备,1.0
688555,泽达易盛,2021,10,1,R5,未分类,0.0
300093,金刚玻璃,2015,10,1,R5,电气设备,1.0
300093,金刚玻璃,2014,10,1,R5,电气设备,1.0
600439,瑞贝卡,2024,10,1,R5,服饰,1.0
603869,新智认知,2017,10,1,R5,软件服务,
603869,新智认知,2021,10,1,R5,软件服务,
688511,*ST 天微,2024,10,1,R5,元器件,1.0
300090,盛运环保,2015,10,1,R5,未分类,0.0
300089,文化长城,2018,10,1,R5,未分类,
300089,文化长城,2017,10,1,R5,未分类,1.0
300086,康芝药业,2018,10,1,R5,化学制药,
688485,九州一轨,2024,10,1,R5,运输设备,1.0
603955,大千生态,2021,10,1,R5,建筑工程,0.0
688287,*ST 观典,2022,10,1,R5,未分类,1.0
600290,华仪电气,2016,10,1,R5,未分类,
300074,华平股份,2016,10,1,R5,软件服务,
300074,华平股份,2014,10,1,R5,软件服务,1.0
300070,碧水源,2023,10,1,R5,环境保护,
688366,昊海生科,2021,10,1,R5,医疗保健,
300070,碧水源,2017,10,1,R5,环境保护,0.0
300064,*ST 金刚,2017,10,1,R5,未分类,1.0
600381,贤成矿业,2012,10,1,R5,医疗保健,0.0
605180,华生科技,2023,10,1,R5,纺织,0.0
688002,睿创微纳,2020,10,1,R5,通信设备,
688333,铂力特,2025,10,1,R5,机械基件,0.0
600503,华丽家族,2015,10,1,R5,区域地产,
300537,广信材料,2018,10,1,R5,染料涂料,
600506,香梨股份,2019,10,1,R5,石油加工,
600851,海欣股份,2022,10,1,R5,化学制药,1.0
600696,*ST 匹凸,2014,10,1,R5,未分类,
300777,中简科技,2021,10,1,R5,化纤,
300356,*ST 光一,2020,10,1,R5,未分类,
600868,梅雁吉祥,2018,10,1,R5,水力发电,
600868,梅雁吉祥,2016,10,1,R5,水力发电,
600865,百大集团,2021,10,1,R5,百货,0.0
300356,光一科技,2019,10,1,R5,未分类,
300362,天翔环境,2018,10,1,R5,未分类,1.0
300367,ST 网力,2019,10,1,R5,未分类,
300890,翔丰华,2021,10,1,R5,电气设备,
300367,东方网力,2017,10,1,R5,未分类,1.0
600703,三安光电,2009,10,1,R5,半导体,
300701,森霸传感,2024,10,1,R5,元器件,
600837,海通证券,2006,10,1,R5,未分类,
300700,岱勒新材,2021,10,1,R5,矿物制品,
300379,*ST 东通,2020,10,1,R5,未分类,1.0
300379,东方通,2019,10,1,R5,未分类,
300379,东方通,2021,10,1,R5,未分类,
300875,捷强装备,2022,10,1,R5,专用机械,
300895,铜牛信息,2021,10,1,R5,软件服务,
300680,隆盛科技,2019,10,1,R5,汽车配件,
301290,东星医疗,2023,10,1,R5,医疗保健,
600009,上海机场,2016,10,1,R5,机场,
300300,汉鼎宇佑,2019,10,1,R5,软件服务,1.0
600984,建设机械,2018,10,1,R5,工程机械,0.0
300300,海峡创新,2018,10,1,R5,软件服务,
301306,西测测试,2023,10,1,R5,航空,
300304,云意电气,2017,10,1,R5,汽车配件,
300306,远方信息,2018,10,1,R5,电器仪表,1.0
300308,中际旭创,2017,10,1,R5,通信设备,
600666,ST 瑞德,2023,10,1,R5,元器件,
300900,广联航空,2024,10,1,R5,航空,
300317,珈伟新能,2021,10,1,R5,电气设备,
300317,珈伟新能,2023,10,1,R5,电气设备,
301047,义翘神州,2022,10,1,R5,生物制药,
300985,致远新能,2022,10,1,R5,汽车配件,0.0
300326,凯利泰,2015,10,1,R5,医疗保健,
300929,华骐环保,2024,10,1,R5,环境保护,
300902,国安达,2022,10,1,R5,专用机械,
600880,博瑞传播,2017,10,1,R5,广告包装,
300695,兆丰股份,2021,10,1,R5,汽车配件,
600823,世茂股份,2015,10,1,R5,未分类,
300125,聆达股份,2020,10,1,R5,电气设备,
300495,*ST 美尚,2019,10,1,R5,未分类,
300474,景嘉微,2019,10,1,R5,元器件,
600777,新潮能源,2016,10,1,R5,石油开采,1.0
600777,*ST 新潮,2025,10,1,R5,石油开采,
300480,光力科技,2018,10,1,R5,专用机械,
300559,佳发教育,2022,10,1,R5,软件服务,
300555,路通视信,2021,10,1,R5,通信设备,1.0
600767,退市运盛,2021,10,1,R5,未分类,1.0
600767,*ST 运盛,2022,10,1,R5,未分类,0.0
600767,*ST 运盛,2015,10,1,R5,未分类,
600777,新潮能源,2022,10,1,R5,石油开采,
300553,集智股份,2025,10,1,R5,电器仪表,
300510,金冠股份,2021,10,1,R5,电气设备,
600749,西藏旅游,2021,10,1,R5,旅游景点,1.0
300518,新迅达,2021,10,1,R5,互联网,
600764,中国海防,2017,10,1,R5,船舶,
300518,盛讯达,2017,10,1,R5,互联网,
300521,爱司凯,2019,10,1,R5,专用机械,1.0
300533,冰川网络,2018,10,1,R5,互联网,1.0
300568,星源材质,2018,10,1,R5,化工原料,
300568,星源材质,2020,10,1,R5,化工原料,
300399,京天利,2015,10,1,R5,互联网,
300427,红相股份,2020,10,1,R5,电气设备,1.0
300401,花园生物,2016,10,1,R5,化学制药,
300664,鹏鹞环保,2018,10,1,R5,环境保护,
300630,普利制药,2024,10,1,R5,未分类,0.0
300418,昆仑万维,2023,10,1,R5,互联网,
300419,浩丰科技,2018,10,1,R5,软件服务,1.0
300420,五洋科技,2016,10,1,R5,机械基件,
300617,安靠智电,2023,10,1,R5,电气设备,
300425,环能科技,2017,10,1,R5,环境保护,
300437,清水源,2018,10,1,R5,化工原料,
300467,迅游科技,2017,10,1,R5,互联网,
300446,乐凯新材,2022,10,1,R5,汽车配件,0.0
600730,中国高科,2013,10,1,R5,文教休闲,1.0
600730,中国高科,2017,10,1,R5,文教休闲,
300457,赢合科技,2020,10,1,R5,专用机械,
300457,赢合科技,2021,10,1,R5,专用机械,1.0
300459,汤姆猫,2019,10,1,R5,互联网,
600730,中国高科,2019,10,1,R5,文教休闲,1.0
300459,金科文化,2018,10,1,R5,互联网,1.0
300297,蓝盾退,2017,10,1,R5,未分类,1.0
300297,*ST 蓝盾,2019,10,1,R5,未分类,1.0
300297,*ST 蓝盾,2018,10,1,R5,未分类,
600175,美都能源,2015,10,1,R5,未分类,1.0
603166,福达股份,2016,10,1,R5,汽车配件,
600189,泉阳泉,2019,10,1,R5,软饮料,1.0
600187,国中水务,2020,10,1,R5,水务,
600187,国中水务,2017,10,1,R5,水务,1.0
603139,康惠制药,2022,10,1,R5,中成药,0.0
300164,通源石油,2013,10,1,R5,石油开采,
300166,东方国信,2021,10,1,R5,软件服务,1.0
600543,莫高股份,2016,10,1,R5,红黄酒,
603058,永吉股份,2022,10,1,R5,广告包装,
603258,电魂网络,2019,10,1,R5,互联网,
600167,联美控股,2020,10,1,R5,供气供热,0.0
300182,捷成股份,2018,10,1,R5,影视音像,1.0
300183,东软载波,2018,10,1,R5,通信设备,
603005,晶方科技,2016,10,1,R5,半导体,0.0
600145,*ST 新亿,2020,10,1,R5,未分类,
600568,中珠医疗,2016,10,1,R5,医疗保健,
300189,神农科技,2014,10,1,R5,种植业,1.0
600568,中珠医疗,2017,10,1,R5,医疗保健,
300159,ST 新研,2016,10,1,R5,农用机械,1.0
300157,恒泰艾普,2019,10,1,R5,专用机械,
300291,华录百纳,2021,10,1,R5,影视音像,
300143,星河生物,2016,10,1,R5,医疗保健,
600515,ST 基础,2018,10,1,R5,机场,1.0
603528,多伦科技,2023,10,1,R5,软件服务,
600201,金宇集团,2013,10,1,R5,农业综合,1.0
603458,勘设股份,2023,10,1,R5,建筑工程,1.0
600517,国网英大,2024,10,1,R5,多元金融,
300133,华策影视,2024,10,1,R5,影视音像,
300136,信维通信,2012,10,1,R5,元器件,
600520,文一科技,2017,10,1,R5,半导体,
300143,盈康生命,2018,10,1,R5,医疗保健,
600190,ST 锦港,2017,10,1,R5,未分类,0.0
300147,香雪制药,2019,10,1,R5,中成药,1.0
300148,天舟文化,2016,10,1,R5,出版业,
300149,量子生物,2019,10,1,R5,生物制药,
600530,交大昂立,2022,10,1,R5,医疗保健,
600196,复星医药,2013,10,1,R5,化学制药,
300155,安居宝,2012,10,1,R5,IT设备,
603315,福鞍股份,2018,10,1,R5,环境保护,0.0
300156,神雾环保,2015,10,1,R5,未分类,
300189,神农科技,2019,10,1,R5,种植业,
300190,维尔利,2018,10,1,R5,环境保护,
300194,福安药业,2016,10,1,R5,化学制药,
300272,开能健康,2018,10,1,R5,家用电器,
300236,上海新阳,2022,10,1,R5,半导体,
300236,上海新阳,2024,10,1,R5,半导体,
600614,退市鹏起,2017,10,1,R5,未分类,0.0
300247,融捷健康,2017,10,1,R5,医疗保健,1.0
600628,新世界,2020,10,1,R5,百货,
601108,财通证券,2019,10,1,R5,证券,
600638,新黄浦,2013,10,1,R5,区域地产,
600638,新黄浦,2015,10,1,R5,区域地产,
300273,*ST 和佳,2020,10,1,R5,未分类,1.0
300195,长荣股份,2022,10,1,R5,轻工机械,
601020,华钰矿业,2017,10,1,R5,铅锌,1.0
300273,和佳退,2021,10,1,R5,未分类,1.0
300275,梅安森,2018,10,1,R5,工程机械,
600641,万业企业,2015,10,1,R5,半导体,
600641,万业企业,2018,10,1,R5,半导体,
600037,歌华有线,2017,10,1,R5,影视音像,
600645,中源协和,2020,10,1,R5,医疗保健,
300288,朗玛信息,2017,10,1,R5,软件服务,1.0
600080,金花股份,2023,10,1,R5,中成药,
600606,金丰投资,2014,10,1,R5,全国地产,
600604,市北高新,2013,10,1,R5,园区开发,
300223,北京君正,2019,10,1,R5,半导体,
600576,祥源文化,2016,10,1,R5,旅游景点,
600576,祥源文旅,2022,10,1,R5,旅游景点,0.0
300199,翰宇药业,2017,10,1,R5,化学制药,1.0
600139,西部资源,2013,10,1,R5,未分类,
300199,翰宇药业,2022,10,1,R5,化学制药,
600139,西部资源,2012,10,1,R5,未分类,
600136,当代明诚,2019,10,1,R5,房产服务,1.0
601619,嘉泽新能,2022,10,1,R5,新型电力,
300202,聚龙退,2021,10,1,R5,未分类,
601579,会稽山,2019,10,1,R5,红黄酒,
300204,舒泰神,2019,10,1,R5,生物制药,
300208,恒顺众昇,2014,10,1,R5,未分类,1.0
600109,国金证券,2015,10,1,R5,证券,
600107,美尔雅,2021,10,1,R5,服饰,
600599,熊猫金控,2018,10,1,R5,未分类,
600603,广汇物流,2018,10,1,R5,区域地产,0.0
600603,广汇物流,2020,10,1,R5,区域地产,1.0
600139,西部资源,2015,10,1,R5,未分类,
